anal_idx,initial_region_ratio,no_initial_region_ratio,known_cnt,pearson_r,p_value,mse,r2
1,0.1,0.1,65.0,,,0.2161886990070343,-0.26739540696144104
1,0.1,0.2,120.0,,,0.238215371966362,-0.2905796766281128
1,0.1,0.3,176.0,,,0.26584556698799133,-0.3211505115032196
1,0.1,0.4,231.0,,,0.3001030683517456,-0.3612689971923828
1,0.1,0.5,287.0,,,0.34552201628685,-0.41831347346305847
1,0.1,0.6,342.0,,,0.4060153663158417,-0.5034759640693665
1,0.1,0.7,397.0,,,0.4923989176750183,-0.6446396708488464
1,0.1,0.8,453.0,,,0.6289172172546387,-0.9321856498718262
1,0.1,0.9,508.0,,,0.864963710308075,-1.7746539115905762
1,0.1,1.0,564.0,,,1.4017136096954346,-430.2906188964844
1,0.2,0.1,75.0,,,0.1957288533449173,-0.2468143105506897
1,0.2,0.2,130.0,,,0.2160283327102661,-0.26727545261383057
1,0.2,0.3,186.0,,,0.24159406125545502,-0.29430386424064636
1,0.2,0.4,241.0,,,0.27345144748687744,-0.3298131227493286
1,0.2,0.5,297.0,,,0.31596192717552185,-0.3803270757198334
1,0.2,0.6,352.0,,,0.37307503819465637,-0.4559045732021332
1,0.2,0.7,407.0,,,0.4556208848953247,-0.5812494158744812
1,0.2,0.8,463.0,,,0.5885037779808044,-0.8367453217506409
1,0.2,0.9,518.0,,,0.8255629539489746,-1.5859367847442627
1,0.2,1.0,574.0,,,1.401826024055481,-431.1927490234375
1,0.3,0.1,85.0,,,0.17457211017608643,-0.2264387458562851
1,0.3,0.2,140.0,,,0.1930026412010193,-0.2441524863243103
1,0.3,0.3,196.0,,,0.21631120145320892,-0.267614483833313
1,0.3,0.4,251.0,,,0.24550861120224,-0.29848960041999817
1,0.3,0.5,307.0,,,0.28473469614982605,-0.34244588017463684
1,0.3,0.6,362.0,,,0.33792179822921753,-0.4084113836288452
1,0.3,0.7,417.0,,,0.4157927334308624,-0.5179043412208557
1,0.3,0.8,473.0,,,0.5436946749687195,-0.7412991523742676
1,0.3,0.9,528.0,,,0.7800084948539734,-1.3970547914505005
1,0.3,1.0,584.0,,,1.402151346206665,-430.34100341796875
1,0.4,0.1,95.0,,,0.15267090499401093,-0.20638084411621094
1,0.4,0.2,150.0,,,0.16907714307308197,-0.2213134765625
1,0.4,0.3,206.0,,,0.18991529941558838,-0.24117420613765717
1,0.4,0.4,261.0,,,0.21616153419017792,-0.2673795819282532
1,0.4,0.5,317.0,,,0.2516748905181885,-0.304739773273468
1,0.4,0.6,372.0,,,0.300300270318985,-0.3610571324825287
1,0.4,0.7,427.0,,,0.3724863529205322,-0.45466071367263794
1,0.4,0.8,483.0,,,0.49368569254875183,-0.6459078788757324
1,0.4,0.9,538.0,,,0.7266601324081421,-1.2081166505813599
1,0.4,1.0,594.0,,,1.402701735496521,-435.05145263671875
1,0.5,0.1,105.0,,,0.12988196313381195,-0.18685778975486755
1,0.5,0.2,160.0,,,0.14408308267593384,-0.19895248115062714
1,0.5,0.3,216.0,,,0.1622014045715332,-0.21515394747257233
1,0.5,0.4,271.0,,,0.18515312671661377,-0.23663003742694855
1,0.5,0.5,327.0,,,0.21644219756126404,-0.2673302888870239
1,0.5,0.6,382.0,,,0.2597310245037079,-0.31393858790397644
1,0.5,0.7,437.0,,,0.3249610960483551,-0.3915823698043823
1,0.5,0.8,493.0,,,0.4371578097343445,-0.5505905151367188
1,0.5,0.9,548.0,,,0.6627805829048157,-1.0190294981002808
1,0.5,1.0,604.0,,,1.4024852514266968,-435.713134765625
1,0.6,0.1,115.0,,,0.1062936782836914,-0.16821281611919403
1,0.6,0.2,170.0,,,0.11810770630836487,-0.17737320065498352
1,0.6,0.3,226.0,,,0.13325071334838867,-0.1898180991411209
1,0.6,0.4,281.0,,,0.1525488793849945,-0.20646627247333527
1,0.6,0.5,337.0,,,0.1790652722120285,-0.23040015995502472
1,0.6,0.6,392.0,,,0.21616004407405853,-0.26719895005226135
1,0.6,0.7,447.0,,,0.2729644775390625,-0.3287755846977234
1,0.6,0.8,503.0,,,0.373308002948761,-0.4554184079170227
1,0.6,0.9,558.0,,,0.5858525037765503,-0.8298637866973877
1,0.6,1.0,614.0,,,1.402783989906311,-438.7069396972656
1,0.7,0.1,125.0,,,0.08182555437088013,-0.1513349413871765
1,0.7,0.2,180.0,,,0.09104970842599869,-0.15737123787403107
1,0.7,0.3,236.0,,,0.1029299944639206,-0.16586439311504364
1,0.7,0.4,291.0,,,0.1181657612323761,-0.17749005556106567
1,0.7,0.5,347.0,,,0.13927403092384338,-0.19445005059242249
1,0.7,0.6,402.0,,,0.16915620863437653,-0.2212454378604889
1,0.7,0.7,457.0,,,0.21572120487689972,-0.26654860377311707
1,0.7,0.8,513.0,,,0.30044636130332947,-0.3606003522872925
1,0.7,0.9,568.0,,,0.4911078214645386,-0.6407361626625061
1,0.7,1.0,624.0,,,1.403493046760559,-442.04644775390625
1,0.8,0.1,135.0,,,0.05631047859787941,-0.1389673352241516
1,0.8,0.2,190.0,,,0.0627090185880661,-0.14141009747982025
1,0.8,0.3,246.0,,,0.07099057734012604,-0.14547374844551086
1,0.8,0.4,301.0,,,0.08168155699968338,-0.1515911966562271
1,0.8,0.5,357.0,,,0.09662137925624847,-0.16105835139751434
1,0.8,0.6,412.0,,,0.11804455518722534,-0.1773695945739746
1,0.8,0.7,467.0,,,0.15206684172153473,-0.2059001475572586
1,0.8,0.8,523.0,,,0.21604850888252258,-0.2668285369873047
1,0.8,0.9,578.0,,,0.37071964144706726,-0.45208168029785156
1,0.8,1.0,634.0,,,1.4022103548049927,-473.58428955078125
1,0.9,0.1,145.0,,,0.029927290976047516,-0.1436680555343628
1,0.9,0.2,200.0,,,0.03327056020498276,-0.14074474573135376
1,0.9,0.3,256.0,,,0.03761811554431915,-0.13856279850006104
1,0.9,0.4,311.0,,,0.043269503861665726,-0.1373286247253418
1,0.9,0.5,367.0,,,0.05123484134674072,-0.1373085379600525
1,0.9,0.6,422.0,,,0.06282170861959457,-0.14128749072551727
1,0.9,0.7,477.0,,,0.08160649985074997,-0.1511048972606659
1,0.9,0.8,533.0,,,0.11826618015766144,-0.17687736451625824
1,0.9,0.9,588.0,,,0.2148870825767517,-0.2651386559009552
1,0.9,1.0,644.0,,,1.4052062034606934,-598.2310791015625
1,1.0,0.1,155.0,,,0.002366594271734357,-1.748905062675476
1,1.0,0.2,210.0,,,0.0023711114190518856,-1.7476574182510376
1,1.0,0.3,266.0,,,0.0023710010573267937,-1.7594103813171387
1,1.0,0.4,321.0,,,0.002370507689192891,-1.762906551361084
1,1.0,0.5,377.0,,,0.002355012809857726,-1.7589460611343384
1,1.0,0.6,432.0,,,0.002353938529267907,-1.7854347229003906
1,1.0,0.7,487.0,,,0.002349037444218993,-1.7923675775527954
1,1.0,0.8,543.0,,,0.0023256323765963316,-1.8168821334838867
1,1.0,0.9,598.0,,,0.0023300820030272007,-1.8520528078079224
1,1.0,1.0,654.0,1.0,0.0,0.0,1.0
3,0.1,0.1,65.0,0.8358972072601318,0.0,0.2925831079483032,0.11813373863697052
3,0.1,0.2,120.0,0.842653751373291,0.0,0.37574315071105957,-0.05027144029736519
3,0.1,0.3,176.0,0.8492998480796814,0.0,0.45304813981056213,-0.16602790355682373
3,0.1,0.4,231.0,0.8549755215644836,0.0,0.5352222323417664,-0.26151323318481445
3,0.1,0.5,287.0,0.860258936882019,0.0,0.6338462233543396,-0.35522928833961487
3,0.1,0.6,342.0,0.8631773591041565,0.0,0.7574830055236816,-0.46506592631340027
3,0.1,0.7,397.0,0.8637800812721252,0.0,0.9286270141601562,-0.6214005351066589
3,0.1,0.8,453.0,0.8593466281890869,3.923635700109488e-43,1.1938058137893677,-0.9125514030456543
3,0.1,0.9,508.0,0.8366649150848389,2.7495702555089646e-27,1.6476471424102783,-1.7158749103546143
3,0.1,1.0,564.0,0.7160397171974182,2.529052665067866e-07,2.672675371170044,-39.68918991088867
3,0.2,0.1,75.0,0.8794575333595276,0.0,0.18554198741912842,0.37846648693084717
3,0.2,0.2,130.0,0.8831470012664795,0.0,0.25434204936027527,0.21242868900299072
3,0.2,0.3,186.0,0.8866180181503296,0.0,0.3227091133594513,0.08360058069229126
3,0.2,0.4,241.0,0.8900449275970459,0.0,0.3957245349884033,-0.023898160085082054
3,0.2,0.5,297.0,0.8934004306793213,0.0,0.48284539580345154,-0.12560556828975677
3,0.2,0.6,352.0,0.8956598043441772,0.0,0.5912487506866455,-0.2353861778974533
3,0.2,0.7,407.0,0.8960033655166626,0.0,0.7410405874252319,-0.3792513310909271
3,0.2,0.8,463.0,0.8927448987960815,0.0,0.9755103588104248,-0.6308898329734802
3,0.2,0.9,518.0,0.8754003643989563,6.188856534224415e-33,1.3868542909622192,-1.2997727394104004
3,0.2,1.0,574.0,0.7885061502456665,4.405549258734709e-10,2.3768739700317383,-37.462284088134766
3,0.3,0.1,85.0,0.8934054374694824,0.0,0.12702277302742004,0.5204076766967773
3,0.3,0.2,140.0,0.8965135216712952,0.0,0.1787952482700348,0.378067284822464
3,0.3,0.3,196.0,0.8995164632797241,0.0,0.2338893860578537,0.2569953203201294
3,0.3,0.4,251.0,0.9027392864227295,0.0,0.294559508562088,0.15187425911426544
3,0.3,0.5,307.0,0.9061815142631531,0.0,0.3680760860443115,0.051918406039476395
3,0.3,0.6,362.0,0.9086676836013794,0.0,0.4599704444408417,-0.05159653723239899
3,0.3,0.7,417.0,0.9097940921783447,0.0,0.5882563591003418,-0.1809229850769043
3,0.3,0.8,473.0,0.9080927968025208,0.0,0.7922794818878174,-0.39558565616607666
3,0.3,0.9,528.0,0.8952944874763489,6.974893531734031e-31,1.1619659662246704,-0.9467476010322571
3,0.3,1.0,584.0,0.8414558172225952,5.713180484256952e-10,2.123600959777832,-35.539180755615234
3,0.4,0.1,95.0,0.899462103843689,0.0,0.08975767344236374,0.6109212636947632
3,0.4,0.2,150.0,0.9024307131767273,0.0,0.12742508947849274,0.49277305603027344
3,0.4,0.3,206.0,0.905709981918335,0.0,0.17001716792583466,0.3845287561416626
3,0.4,0.4,261.0,0.9092175364494324,0.0,0.21846932172775269,0.28701865673065186
3,0.4,0.5,317.0,0.9128715991973877,0.0,0.27834439277648926,0.19335755705833435
3,0.4,0.6,372.0,0.9160780310630798,0.0,0.3542560935020447,0.09811846911907196
3,0.4,0.7,427.0,0.9184602499008179,0.0,0.4618034064769745,-0.01654435135424137
3,0.4,0.8,483.0,0.918772280216217,0.0,0.636305034160614,-0.1976897418498993
3,0.4,0.9,538.0,0.9101820588111877,2.144422605857627e-32,0.9649227857589722,-0.6460737586021423
3,0.4,1.0,594.0,0.8730830550193787,1.787850401058222e-08,1.9058334827423096,-34.267642974853516
3,0.5,0.1,105.0,0.9005916118621826,0.0,0.06420043855905533,0.6717410087585449
3,0.5,0.2,160.0,0.9037268757820129,0.0,0.09032654017210007,0.5771639943122864
3,0.5,0.3,216.0,0.9072025418281555,0.0,0.12177447974681854,0.48365578055381775
3,0.5,0.4,271.0,0.9111146330833435,0.0,0.1588200032711029,0.39616575837135315
3,0.5,0.5,327.0,0.9152872562408447,0.0,0.2057475447654724,0.31060996651649475
3,0.5,0.6,382.0,0.9191821217536926,0.0,0.2661908268928528,0.22488555312156677
3,0.5,0.7,437.0,0.9226259589195251,0.0,0.3533746600151062,0.12490256130695343
3,0.5,0.8,493.0,0.9247214794158936,0.0,0.49841541051864624,-0.025665750727057457
3,0.5,0.9,548.0,0.9196438789367676,6.478681439287492e-35,0.783988356590271,-0.38199368119239807
3,0.5,1.0,604.0,0.9045852422714233,8.04714872515433e-09,1.7077813148498535,-32.95274353027344
3,0.6,0.1,115.0,0.8974916934967041,0.0,0.04615117982029915,0.711582362651825
3,0.6,0.2,170.0,0.9008215069770813,0.0,0.06323180347681046,0.6392270922660828
3,0.6,0.3,226.0,0.904665470123291,0.0,0.08531996607780457,0.560809314250946
3,0.6,0.4,281.0,0.9090402126312256,0.0,0.11238172650337219,0.4840383529663086
3,0.6,0.5,337.0,0.9138641357421875,0.0,0.14759737253189087,0.4073701500892639
3,0.6,0.6,392.0,0.9187936186790466,0.0,0.19388070702552795,0.33102095127105713
3,0.6,0.7,447.0,0.9235618710517883,0.0,0.2619650363922119,0.24479477107524872
3,0.6,0.8,503.0,0.9275925159454346,0.0,0.3784835934638977,0.12156819552183151
3,0.6,0.9,558.0,0.9263850450515747,6.009563913982135e-35,0.6202285885810852,-0.15388093888759613
3,0.6,1.0,614.0,0.9264082908630371,6.085135173528045e-11,1.5377198457717896,-32.0046501159668
3,0.7,0.1,125.0,0.8894224762916565,0.0,0.032933980226516724,0.7338155508041382
3,0.7,0.2,180.0,0.8928704857826233,0.0,0.042811319231987,0.6848313212394714
3,0.7,0.3,236.0,0.8970780968666077,0.0,0.05699959397315979,0.6227304339408875
3,0.7,0.4,291.0,0.9019944071769714,0.0,0.07531501352787018,0.5576567649841309
3,0.7,0.5,347.0,0.907670259475708,0.0,0.0999986082315445,0.49022263288497925
3,0.7,0.6,402.0,0.9136987328529358,0.0,0.1331804245710373,0.4231661558151245
3,0.7,0.7,457.0,0.9200196862220764,0.0,0.18314529955387115,0.34951695799827576
3,0.7,0.8,513.0,0.9264453649520874,0.0,0.2714706361293793,0.25040778517723083
3,0.7,0.9,568.0,0.9295570850372314,7.915163660613026e-34,0.46625638008117676,0.046020135283470154
3,0.7,1.0,624.0,0.9444184899330139,1.068593302733234e-08,1.3873393535614014,-31.331518173217773
3,0.8,0.1,135.0,0.8769757151603699,0.0,0.0230118315666914,0.7337548732757568
3,0.8,0.2,190.0,0.8802286386489868,0.0,0.02711387164890766,0.7143226861953735
3,0.8,0.3,246.0,0.8845149278640747,0.0,0.03465066850185394,0.6722204685211182
3,0.8,0.4,301.0,0.8895936608314514,0.0,0.04531662166118622,0.6208322048187256
3,0.8,0.5,357.0,0.8959176540374756,0.0,0.06045479699969292,0.5635393261909485
3,0.8,0.6,412.0,0.9031838178634644,0.0,0.08148054778575897,0.5052796006202698
3,0.8,0.7,467.0,0.9116438031196594,0.0,0.11407078802585602,0.4424816071987152
3,0.8,0.8,523.0,0.9217941164970398,0.0,0.17378535866737366,0.3640071749687195
3,0.8,0.9,578.0,0.9308686852455139,1.9985975682307752e-28,0.3153219521045685,0.22128280997276306
3,0.8,1.0,634.0,0.9624159336090088,4.834022249156078e-08,1.248953938484192,-32.55314636230469
3,0.9,0.1,145.0,0.8647966980934143,0.0,0.01557410228997469,0.6804926991462708
3,0.9,0.2,200.0,0.8657438158988953,0.0,0.014984654262661934,0.718407154083252
3,0.9,0.3,256.0,0.8676996827125549,0.0,0.016910307109355927,0.7132681012153625
3,0.9,0.4,311.0,0.8705978393554688,0.0,0.020975979045033455,0.6845187544822693
3,0.9,0.5,367.0,0.8755014538764954,0.0,0.02761973813176155,0.6413689255714417
3,0.9,0.6,422.0,0.88228440284729,0.0,0.037500012665987015,0.5920815467834473
3,0.9,0.7,477.0,0.8917098045349121,1.401298464324817e-45,0.05346672981977463,0.5379738807678223
3,0.9,0.8,533.0,0.9060510396957397,1.6736640353372247e-35,0.0840679183602333,0.47481563687324524
3,0.9,0.9,588.0,0.9241423606872559,1.0975036406321406e-20,0.16309437155723572,0.3831911087036133
3,0.9,1.0,644.0,0.9755159020423889,2.8576296244864352e-05,1.1259150505065918,-39.827816009521484
3,1.0,0.1,155.0,0.9915057420730591,0.0,0.01039446983486414,-0.02634943276643753
3,1.0,0.2,210.0,0.991650402545929,0.0,0.006057125516235828,0.40360027551651
3,1.0,0.3,266.0,0.9917718768119812,0.0,0.003309461520984769,0.6733250617980957
3,1.0,0.4,321.0,0.9919348359107971,0.0,0.001669462420977652,0.8350663781166077
3,1.0,0.5,377.0,0.9920596480369568,0.0,0.0007139064255170524,0.929343581199646
3,1.0,0.6,432.0,0.9921966791152954,0.0,0.0002807264681905508,0.9720188975334167
3,1.0,0.7,487.0,0.992318868637085,0.0,0.00016073990263976157,0.9837772846221924
3,1.0,0.8,543.0,0.9924062490463257,0.0,0.00025957816978916526,0.9730327725410461
3,1.0,0.9,598.0,0.9928273558616638,0.0,0.0004947740235365927,0.9476600885391235
3,1.0,1.0,654.0,1.0,0.0,0.0,1.0
5,0.1,0.1,65.0,0.9294915795326233,0.0,0.8971109986305237,-0.11041168123483658
5,0.1,0.2,120.0,0.9457939267158508,0.0,0.9093319177627563,-0.06787054240703583
5,0.1,0.3,176.0,0.9538769721984863,0.0,0.9547876715660095,-0.05712943524122238
5,0.1,0.4,231.0,0.9579958915710449,0.0,1.0265806913375854,-0.06447836011648178
5,0.1,0.5,287.0,0.9605160355567932,0.0,1.1258407831192017,-0.08326034247875214
5,0.1,0.6,342.0,0.9623608589172363,0.0,1.2680245637893677,-0.12737330794334412
5,0.1,0.7,397.0,0.9633893370628357,0.0,1.4769177436828613,-0.20809482038021088
5,0.1,0.8,453.0,0.9634477496147156,0.0,1.8089263439178467,-0.37843072414398193
5,0.1,0.9,508.0,0.9580064415931702,0.0,2.396777391433716,-0.8745803236961365
5,0.1,1.0,564.0,0.8691237568855286,1.0358533532533238e-24,3.737672805786133,-11.550457000732422
5,0.2,0.1,75.0,0.9407997131347656,0.0,0.7213290929794312,-0.05784715339541435
5,0.2,0.2,130.0,0.9525190591812134,0.0,0.7387353777885437,-0.025566551834344864
5,0.2,0.3,186.0,0.958106517791748,0.0,0.7804483771324158,-0.018188416957855225
5,0.2,0.4,241.0,0.9610625505447388,0.0,0.8434693813323975,-0.02620767056941986
5,0.2,0.5,297.0,0.9632383584976196,0.0,0.9293088316917419,-0.043078843504190445
5,0.2,0.6,352.0,0.9646276831626892,0.0,1.0530102252960205,-0.08320482075214386
5,0.2,0.7,407.0,0.9657663106918335,0.0,1.2348895072937012,-0.15481272339820862
5,0.2,0.8,463.0,0.9662854075431824,0.0,1.5297329425811768,-0.3072740137577057
5,0.2,0.9,518.0,0.9622312188148499,0.0,2.0666255950927734,-0.7552847266197205
5,0.2,1.0,574.0,0.8839640617370605,1.432164730307498e-22,3.3758716583251953,-12.059804916381836
5,0.3,0.1,85.0,0.9477328658103943,0.0,0.5812115669250488,-0.025502903386950493
5,0.3,0.2,140.0,0.9564142823219299,0.0,0.5978794693946838,0.0036616993602365255
5,0.3,0.3,196.0,0.960601806640625,0.0,0.6328915953636169,0.01190149039030075
5,0.3,0.4,251.0,0.9628633260726929,0.0,0.6856599450111389,0.0058874525129795074
5,0.3,0.5,307.0,0.9647903442382812,0.0,0.758064329624176,-0.007924549281597137
5,0.3,0.6,362.0,0.9659611582756042,0.0,0.8627593517303467,-0.04236415773630142
5,0.3,0.7,417.0,0.9670956134796143,0.0,1.0186796188354492,-0.10449071228504181
5,0.3,0.8,473.0,0.9679266214370728,0.0,1.2765755653381348,-0.23817254602909088
5,0.3,0.9,528.0,0.9649266004562378,0.0,1.7628607749938965,-0.6369470357894897
5,0.3,1.0,584.0,0.8972489833831787,2.161411631491124e-20,3.045952796936035,-12.728960037231445
5,0.4,0.1,95.0,0.9515786170959473,0.0,0.463857501745224,-0.004447890445590019
5,0.4,0.2,150.0,0.9573618173599243,0.0,0.4791613519191742,0.022150874137878418
5,0.4,0.3,206.0,0.9608802795410156,0.0,0.5078639388084412,0.03201761841773987
5,0.4,0.4,261.0,0.9627563953399658,0.0,0.550987720489502,0.02896651066839695
5,0.4,0.5,317.0,0.9646548628807068,0.0,0.6103314757347107,0.019621970131993294
5,0.4,0.6,372.0,0.9657354950904846,0.0,0.6976714134216309,-0.009026579558849335
5,0.4,0.7,427.0,0.967043936252594,0.0,0.8295844793319702,-0.06174071878194809
5,0.4,0.8,483.0,0.9683614373207092,0.0,1.052388310432434,-0.17678439617156982
5,0.4,0.9,538.0,0.9662225842475891,0.0,1.490043044090271,-0.5265635848045349
5,0.4,1.0,594.0,0.9054931402206421,1.3625874088164495e-17,2.7604317665100098,-13.701635360717773
5,0.5,0.1,105.0,0.9520688652992249,0.0,0.36318695545196533,0.0059013403952121735
5,0.5,0.2,160.0,0.9569748640060425,0.0,0.3750702738761902,0.03414511680603027
5,0.5,0.3,216.0,0.9599460363388062,0.0,0.39724791049957275,0.04710584506392479
5,0.5,0.4,271.0,0.9616397023200989,0.0,0.4309358298778534,0.04819817468523979
5,0.5,0.5,327.0,0.9634690880775452,0.0,0.47791948914527893,0.04376128688454628
5,0.5,0.6,382.0,0.9646598100662231,0.0,0.5478261709213257,0.02210686169564724
5,0.5,0.7,437.0,0.9662890434265137,0.0,0.6553261280059814,-0.02002425491809845
5,0.5,0.8,493.0,0.9680491089820862,0.0,0.8419517278671265,-0.11550068855285645
5,0.5,0.9,548.0,0.9670667052268982,0.0,1.2256596088409424,-0.4122636914253235
5,0.5,1.0,604.0,0.9164997339248657,8.630417005508172e-15,2.48419451713562,-14.899589538574219
5,0.6,0.1,115.0,0.9502968788146973,0.0,0.27737778425216675,0.00680862320587039
5,0.6,0.2,170.0,0.9548707008361816,0.0,0.2858789563179016,0.038056135177612305
5,0.6,0.3,226.0,0.9574552774429321,0.0,0.30221283435821533,0.05479446426033974
5,0.6,0.4,281.0,0.958882749080658,0.0,0.3274676501750946,0.06044541671872139
5,0.6,0.5,337.0,0.9608247876167297,0.0,0.3630668520927429,0.061802126467227936
5,0.6,0.6,392.0,0.9620339274406433,0.0,0.41728633642196655,0.04716057702898979
5,0.6,0.7,447.0,0.9640715718269348,0.0,0.5020442008972168,0.016116151586174965
5,0.6,0.8,503.0,0.9666351079940796,0.0,0.6534404158592224,-0.05866040661931038
5,0.6,0.9,558.0,0.9672749042510986,0.0,0.9820829629898071,-0.30009785294532776
5,0.6,1.0,614.0,0.9239946007728577,4.553926138094189e-13,2.2475621700286865,-16.459211349487305
5,0.7,0.1,125.0,0.9451753497123718,0.0,0.20354589819908142,-0.0041960072703659534
5,0.7,0.2,180.0,0.9495805501937866,0.0,0.20870615541934967,0.032261449843645096
5,0.7,0.3,236.0,0.9520413875579834,0.0,0.21960975229740143,0.05441688373684883
5,0.7,0.4,291.0,0.9535320401191711,0.0,0.23700182139873505,0.06634029746055603
5,0.7,0.5,347.0,0.9554188251495361,0.0,0.2622283101081848,0.07419364899396896
5,0.7,0.6,402.0,0.9570268988609314,0.0,0.30132150650024414,0.06815161556005478
5,0.7,0.7,457.0,0.9596251845359802,0.0,0.36393851041793823,0.04936237260699272
5,0.7,0.8,513.0,0.9632679224014282,0.0,0.47982245683670044,-0.0036162009928375483
5,0.7,0.9,568.0,0.9659756422042847,0.0,0.7478240132331848,-0.1865297257900238
5,0.7,1.0,624.0,0.9336735606193542,1.869756433015013e-10,2.0342350006103516,-18.636049270629883
5,0.8,0.1,135.0,0.9380894303321838,0.0,0.13815459609031677,-0.033700089901685715
5,0.8,0.2,190.0,0.9417125582695007,0.0,0.14046882092952728,0.009403068572282791
5,0.8,0.3,246.0,0.94354248046875,0.0,0.14650475978851318,0.03855130821466446
5,0.8,0.4,301.0,0.9448884725570679,0.0,0.1565149873495102,0.05962225794792175
5,0.8,0.5,357.0,0.9466760754585266,0.0,0.17176136374473572,0.07681512087583542
5,0.8,0.6,412.0,0.9484643340110779,0.0,0.19643639028072357,0.08107518404722214
5,0.8,0.7,467.0,0.9515587687492371,0.0,0.2373778522014618,0.07585818320512772
5,0.8,0.8,523.0,0.9566619396209717,0.0,0.31608885526657104,0.0466441810131073
5,0.8,0.9,578.0,0.962479829788208,4.99383956717903e-39,0.5120570063591003,-0.07329075038433075
5,0.8,1.0,634.0,0.9439839124679565,1.1894113072230539e-07,1.829107642173767,-22.603776931762695
5,0.9,0.1,145.0,0.9313649535179138,0.0,0.08201558887958527,-0.10919778794050217
5,0.9,0.2,200.0,0.9336490035057068,0.0,0.08144276589155197,-0.051067057996988297
5,0.9,0.3,256.0,0.9335757493972778,0.0,0.08296221494674683,-0.0087372325360775
5,0.9,0.4,311.0,0.9330175518989563,0.0,0.08649811148643494,0.026300225406885147
5,0.9,0.5,367.0,0.932314932346344,0.0,0.09285047650337219,0.0570547915995121
5,0.9,0.6,422.0,0.9320105910301208,0.0,0.10418766736984253,0.075278140604496
5,0.9,0.7,477.0,0.9339712262153625,0.0,0.12398271262645721,0.08862094581127167
5,0.9,0.8,533.0,0.9397175312042236,0.0,0.1645113229751587,0.08744296431541443
5,0.9,0.9,588.0,0.9509440660476685,7.285857979752536e-29,0.27515825629234314,0.03837829455733299
5,0.9,1.0,644.0,0.9554939866065979,7.378763984888792e-05,1.6586854457855225,-33.23563766479492
5,1.0,0.1,155.0,0.977358877658844,0.0,0.033785462379455566,-0.5406478643417358
5,1.0,0.2,210.0,0.9861797094345093,0.0,0.030424656346440315,-0.44314053654670715
5,1.0,0.3,266.0,0.9909098148345947,0.0,0.02764415554702282,-0.37395477294921875
5,1.0,0.4,321.0,0.9937638640403748,0.0,0.02526899054646492,-0.31306031346321106
5,1.0,0.5,377.0,0.9950228333473206,0.0,0.022956227883696556,-0.25343748927116394
5,1.0,0.6,432.0,0.9953677654266357,0.0,0.021134020760655403,-0.21623235940933228
5,1.0,0.7,487.0,0.9948899745941162,0.0,0.019379612058401108,-0.1719634234905243
5,1.0,0.8,543.0,0.9939956068992615,0.0,0.017629532143473625,-0.1386663019657135
5,1.0,0.9,598.0,0.9928367733955383,0.0,0.016205379739403725,-0.10293034464120865
5,1.0,1.0,654.0,1.0,0.0,0.0,1.0
7,0.1,0.1,65.0,0.9402930736541748,0.0,3.0645148754119873,-0.2818085551261902
7,0.1,0.2,120.0,0.9534637331962585,0.0,2.9804680347442627,-0.24001099169254303
7,0.1,0.3,176.0,0.9585258960723877,0.0,3.0000884532928467,-0.23570530116558075
7,0.1,0.4,231.0,0.960651159286499,0.0,3.0846877098083496,-0.24815186858177185
7,0.1,0.5,287.0,0.9615233540534973,0.0,3.228487491607666,-0.2736881375312805
7,0.1,0.6,342.0,0.9618157744407654,0.0,3.4738147258758545,-0.32698073983192444
7,0.1,0.7,397.0,0.9612143635749817,0.0,3.8605072498321533,-0.4198515713214874
7,0.1,0.8,453.0,0.9593092203140259,0.0,4.508908748626709,-0.613101065158844
7,0.1,0.9,508.0,0.9508132338523865,0.0,5.705305099487305,-1.1542611122131348
7,0.1,1.0,564.0,0.823951780796051,5.685842429059177e-20,8.489092826843262,-9.089587211608887
7,0.2,0.1,75.0,0.9520199298858643,0.0,2.336155414581299,-0.2342367023229599
7,0.2,0.2,130.0,0.9629645347595215,0.0,2.2867579460144043,-0.20075823366641998
7,0.2,0.3,186.0,0.9663864374160767,0.0,2.310659885406494,-0.19901002943515778
7,0.2,0.4,241.0,0.9674533009529114,0.0,2.3841934204101562,-0.21183404326438904
7,0.2,0.5,297.0,0.9680595397949219,0.0,2.5029075145721436,-0.2351633608341217
7,0.2,0.6,352.0,0.9676501750946045,0.0,2.7063913345336914,-0.28435665369033813
7,0.2,0.7,407.0,0.9670742154121399,0.0,3.0239062309265137,-0.36769354343414307
7,0.2,0.8,463.0,0.9657226800918579,0.0,3.5694634914398193,-0.5439060926437378
7,0.2,0.9,518.0,0.9590954780578613,0.0,4.601037979125977,-1.0409501791000366
7,0.2,1.0,574.0,0.846035361289978,6.380445764206474e-19,7.1645588874816895,-9.461773872375488
7,0.3,0.1,85.0,0.9598718285560608,0.0,1.7876657247543335,-0.21424530446529388
7,0.3,0.2,140.0,0.9688563346862793,0.0,1.7517154216766357,-0.18189674615859985
7,0.3,0.3,196.0,0.971670389175415,0.0,1.7687896490097046,-0.17789867520332336
7,0.3,0.4,251.0,0.9723202586174011,0.0,1.8263332843780518,-0.18835148215293884
7,0.3,0.5,307.0,0.9725922346115112,0.0,1.9211481809616089,-0.20861035585403442
7,0.3,0.6,362.0,0.9720017313957214,0.0,2.08372163772583,-0.25224319100379944
7,0.3,0.7,417.0,0.9714175462722778,0.0,2.341923475265503,-0.3267257809638977
7,0.3,0.8,473.0,0.9704784154891968,0.0,2.793154239654541,-0.48488563299179077
7,0.3,0.9,528.0,0.965679943561554,0.0,3.6751787662506104,-0.937745213508606
7,0.3,1.0,584.0,0.8678808808326721,3.294253076065088e-17,6.047487735748291,-10.074823379516602
7,0.4,0.1,95.0,0.9647142291069031,0.0,1.3523930311203003,-0.20811039209365845
7,0.4,0.2,150.0,0.9712819457054138,0.0,1.3280051946640015,-0.17793013155460358
7,0.4,0.3,206.0,0.9739685654640198,0.0,1.3396577835083008,-0.17138785123825073
7,0.4,0.4,261.0,0.9744352102279663,0.0,1.3831504583358765,-0.17855052649974823
7,0.4,0.5,317.0,0.9748145937919617,0.0,1.4555881023406982,-0.19422116875648499
7,0.4,0.6,372.0,0.974210262298584,0.0,1.5833587646484375,-0.23177310824394226
7,0.4,0.7,427.0,0.9738636016845703,0.0,1.7900222539901733,-0.29683440923690796
7,0.4,0.8,483.0,0.9734795093536377,0.0,2.1560897827148438,-0.4353373646736145
7,0.4,0.9,538.0,0.9696950316429138,0.0,2.9025802612304688,-0.8408170938491821
7,0.4,1.0,594.0,0.8812184929847717,6.639450816393888e-15,5.105251789093018,-10.911768913269043
7,0.5,0.1,105.0,0.9665901064872742,0.0,1.0055930614471436,-0.2202346920967102
7,0.5,0.2,160.0,0.9727728366851807,0.0,0.9858232736587524,-0.1886986941099167
7,0.5,0.3,216.0,0.9752936363220215,0.0,0.9916104674339294,-0.17847149074077606
7,0.5,0.4,271.0,0.975905179977417,0.0,1.0212123394012451,-0.18050263822078705
7,0.5,0.5,327.0,0.9762565493583679,0.0,1.0719298124313354,-0.18911251425743103
7,0.5,0.6,382.0,0.9757529497146606,0.0,1.1652883291244507,-0.21775011718273163
7,0.5,0.7,437.0,0.9756152629852295,0.0,1.3197832107543945,-0.26920709013938904
7,0.5,0.8,493.0,0.9755208492279053,0.0,1.6029853820800781,-0.38471606373786926
7,0.5,0.9,548.0,0.972953200340271,0.0,2.211540460586548,-0.7355772256851196
7,0.5,1.0,604.0,0.8965758681297302,8.247397448139793e-13,4.240233898162842,-12.038843154907227
7,0.6,0.1,115.0,0.9668218493461609,0.0,0.731427788734436,-0.24921219050884247
7,0.6,0.2,170.0,0.9730279445648193,0.0,0.7140417695045471,-0.21425238251686096
7,0.6,0.3,226.0,0.9754770398139954,0.0,0.7143787145614624,-0.19843852519989014
7,0.6,0.4,281.0,0.9759985208511353,0.0,0.7323745489120483,-0.19387340545654297
7,0.6,0.5,337.0,0.9765234589576721,0.0,0.7650744915008545,-0.1936243623495102
7,0.6,0.6,392.0,0.9758842587471008,0.0,0.8301889300346375,-0.21186108887195587
7,0.6,0.7,447.0,0.9758294820785522,0.0,0.9416113495826721,-0.24875353276729584
7,0.6,0.8,503.0,0.9761195182800293,0.0,1.1534223556518555,-0.33937013149261475
7,0.6,0.9,558.0,0.9748094081878662,0.0,1.6365512609481812,-0.6294130086898804
7,0.6,1.0,614.0,0.9073715806007385,1.1902715792155849e-11,3.529996871948242,-13.521369934082031
7,0.7,0.1,125.0,0.9638711810112,0.0,0.5155239701271057,-0.30226239562034607
7,0.7,0.2,180.0,0.970591127872467,0.0,0.49898475408554077,-0.2604687511920929
7,0.7,0.3,236.0,0.9733627438545227,0.0,0.4949066936969757,-0.23725461959838867
7,0.7,0.4,291.0,0.9742404222488403,0.0,0.5025318264961243,-0.22233767807483673
7,0.7,0.5,347.0,0.9746264815330505,0.0,0.5209609866142273,-0.21177516877651215
7,0.7,0.6,402.0,0.9742254614830017,0.0,0.5618884563446045,-0.21746726334095
7,0.7,0.7,457.0,0.9742592573165894,0.0,0.6356296539306641,-0.23686456680297852
7,0.7,0.8,513.0,0.9749864339828491,0.0,0.7837442755699158,-0.2994382083415985
7,0.7,0.9,568.0,0.9749459028244019,0.0,1.1461654901504517,-0.5204988718032837
7,0.7,1.0,624.0,0.9181260466575623,6.036438904288843e-09,2.9219582080841064,-15.829314231872559
7,0.8,0.1,135.0,0.9592880010604858,0.0,0.3419261872768402,-0.39832472801208496
7,0.8,0.2,190.0,0.9662622213363647,0.0,0.3269137442111969,-0.34815365076065063
7,0.8,0.3,246.0,0.9692025184631348,0.0,0.31943580508232117,-0.31391170620918274
7,0.8,0.4,301.0,0.9702954292297363,0.0,0.31879013776779175,-0.2854553163051605
7,0.8,0.5,357.0,0.9705976843833923,0.0,0.32481661438941956,-0.25901663303375244
7,0.8,0.6,412.0,0.970040500164032,0.0,0.34545227885246277,-0.24744170904159546
7,0.8,0.7,467.0,0.9697721600532532,0.0,0.38733088970184326,-0.24454589188098907
7,0.8,0.8,523.0,0.9706826210021973,0.0,0.4772546887397766,-0.27212169766426086
7,0.8,0.9,578.0,0.9724112153053284,4.344025239406933e-44,0.718188464641571,-0.4135783314704895
7,0.8,1.0,634.0,0.9275872707366943,9.591088883098564e-07,2.3816423416137695,-20.145566940307617
7,0.9,0.1,145.0,0.9532999396324158,0.0,0.20796802639961243,-0.590857207775116
7,0.9,0.2,200.0,0.9610084295272827,0.0,0.19355767965316772,-0.5263872146606445
7,0.9,0.3,256.0,0.96407151222229,0.0,0.18363143503665924,-0.47708725929260254
7,0.9,0.4,311.0,0.9645485877990723,0.0,0.17741632461547852,-0.430912047624588
7,0.9,0.5,367.0,0.963024377822876,0.0,0.17494088411331177,-0.38251492381095886
7,0.9,0.6,422.0,0.9604521989822388,0.0,0.18027761578559875,-0.3468928933143616
7,0.9,0.7,477.0,0.9583345055580139,0.0,0.19602470099925995,-0.3103092908859253
7,0.9,0.8,533.0,0.958334743976593,0.0,0.23625536262989044,-0.28891658782958984
7,0.9,0.9,588.0,0.9628205299377441,4.360062463491425e-33,0.3578936755657196,-0.32268989086151123
7,0.9,1.0,644.0,0.9361053705215454,0.00021553630358539522,1.9460957050323486,-32.55604553222656
7,1.0,0.1,155.0,0.9521315097808838,0.0,0.10749167203903198,-1.268641710281372
7,1.0,0.2,210.0,0.9690816402435303,0.0,0.09369340538978577,-1.2243108749389648
7,1.0,0.3,266.0,0.9798226952552795,0.0,0.08211803436279297,-1.2192622423171997
7,1.0,0.4,321.0,0.987231433391571,0.0,0.07221520692110062,-1.2240805625915527
7,1.0,0.5,377.0,0.9917600750923157,0.0,0.06278441101312637,-1.2267240285873413
7,1.0,0.6,432.0,0.9938250780105591,0.0,0.05502749979496002,-1.2592166662216187
7,1.0,0.7,487.0,0.9932416677474976,0.0,0.047591809183359146,-1.2752302885055542
7,1.0,0.8,543.0,0.9902164936065674,0.0,0.04055075719952583,-1.3202946186065674
7,1.0,0.9,598.0,0.9846081733703613,8.2219978914463e-37,0.03470328450202942,-1.3630714416503906
7,1.0,1.0,654.0,1.0,0.0,0.0,1.0
10,0.1,0.1,65.0,0.9438632130622864,0.0,20.487947463989258,-0.38218703866004944
10,0.1,0.2,120.0,0.9572023749351501,0.0,18.021839141845703,-0.32503533363342285
10,0.1,0.3,176.0,0.9614389538764954,0.0,16.41537857055664,-0.312644362449646
10,0.1,0.4,231.0,0.9623085856437683,0.0,15.31279182434082,-0.32016417384147644
10,0.1,0.5,287.0,0.9615592956542969,0.0,14.487613677978516,-0.3419513404369354
10,0.1,0.6,342.0,0.9607434868812561,0.0,14.165369987487793,-0.3933227062225342
10,0.1,0.7,397.0,0.9590974450111389,0.0,14.301082611083984,-0.48486965894699097
10,0.1,0.8,453.0,0.9561557173728943,0.0,15.149297714233398,-0.6762402057647705
10,0.1,0.9,508.0,0.9461477398872375,0.0,17.48179817199707,-1.1993565559387207
10,0.1,1.0,564.0,0.8184080719947815,3.446875571181303e-19,23.670429229736328,-7.001528739929199
10,0.2,0.1,75.0,0.9536917805671692,0.0,14.448644638061523,-0.34042730927467346
10,0.2,0.2,130.0,0.9657346606254578,0.0,12.71737289428711,-0.28919485211372375
10,0.2,0.3,186.0,0.9685540199279785,0.0,11.581842422485352,-0.27854111790657043
10,0.2,0.4,241.0,0.968812882900238,0.0,10.802393913269043,-0.2857604920864105
10,0.2,0.5,297.0,0.9682671427726746,0.0,10.211747169494629,-0.30493849515914917
10,0.2,0.6,352.0,0.9669635891914368,0.0,10.009921073913574,-0.3533939719200134
10,0.2,0.7,407.0,0.965589165687561,0.0,10.137386322021484,-0.4377271234989166
10,0.2,0.8,463.0,0.9633108377456665,0.0,10.818129539489746,-0.6129172444343567
10,0.2,0.9,518.0,0.9556073546409607,0.0,12.65308952331543,-1.0938762426376343
10,0.2,1.0,574.0,0.8421694040298462,8.80040142032157e-19,17.853286743164062,-7.143924713134766
10,0.3,0.1,85.0,0.9603782892227173,0.0,10.210806846618652,-0.32942235469818115
10,0.3,0.2,140.0,0.9713377356529236,0.0,8.946965217590332,-0.2768881618976593
10,0.3,0.3,196.0,0.9742447137832642,0.0,8.09894847869873,-0.26214325428009033
10,0.3,0.4,251.0,0.974351704120636,0.0,7.528308868408203,-0.2667676508426666
10,0.3,0.5,307.0,0.9739975929260254,0.0,7.1030120849609375,-0.2831757068634033
10,0.3,0.6,362.0,0.9725995659828186,0.0,6.9581379890441895,-0.32610103487968445
10,0.3,0.7,417.0,0.9711631536483765,0.0,7.050580024719238,-0.39957427978515625
10,0.3,0.8,473.0,0.9696973562240601,0.0,7.562101364135742,-0.5560435652732849
10,0.3,0.9,528.0,0.9639523029327393,0.0,8.993144989013672,-0.9962767958641052
10,0.3,1.0,584.0,0.8647760152816772,5.684813979893954e-17,13.36180305480957,-7.476044178009033
10,0.4,0.1,95.0,0.9648426175117493,0.0,7.122476100921631,-0.3368411958217621
10,0.4,0.2,150.0,0.9740083813667297,0.0,6.216879844665527,-0.2835763692855835
10,0.4,0.3,206.0,0.9772253632545471,0.0,5.592548847198486,-0.26466917991638184
10,0.4,0.4,261.0,0.9775012135505676,0.0,5.1698527336120605,-0.2639562487602234
10,0.4,0.5,317.0,0.9773011803627014,0.0,4.854675769805908,-0.2745814621448517
10,0.4,0.6,372.0,0.9757973551750183,0.0,4.737568378448486,-0.3078860938549042
10,0.4,0.7,427.0,0.9747709631919861,0.0,4.806126117706299,-0.3705575168132782
10,0.4,0.8,483.0,0.9738717675209045,0.0,5.185878276824951,-0.5078466534614563
10,0.4,0.9,538.0,0.9692955017089844,0.0,6.2992119789123535,-0.906502366065979
10,0.4,1.0,594.0,0.879730224609375,7.804378616884516e-15,9.966280937194824,-7.932623386383057
10,0.5,0.1,105.0,0.9661976099014282,0.0,4.883462429046631,-0.36825570464134216
10,0.5,0.2,160.0,0.9756817817687988,0.0,4.225256443023682,-0.30979976058006287
10,0.5,0.3,216.0,0.9792978167533875,0.0,3.7645227909088135,-0.28435537219047546
10,0.5,0.4,271.0,0.9801058173179626,0.0,3.448763370513916,-0.27609825134277344
10,0.5,0.5,327.0,0.9802601337432861,0.0,3.2040035724639893,-0.27647921442985535
10,0.5,0.6,382.0,0.9793556332588196,0.0,3.1109514236450195,-0.30195263028144836
10,0.5,0.7,437.0,0.9788102507591248,0.0,3.147850275039673,-0.3526785373687744
10,0.5,0.8,493.0,0.9781646728515625,0.0,3.407881736755371,-0.46940040588378906
10,0.5,0.9,548.0,0.9753638505935669,0.0,4.221487522125244,-0.8210601210594177
10,0.5,1.0,604.0,0.8970469832420349,1.447575024259018e-12,7.2178120613098145,-8.649802207946777
10,0.6,0.1,115.0,0.9660101532936096,0.0,3.276994228363037,-0.4227258265018463
10,0.6,0.2,170.0,0.976502537727356,0.0,2.8031389713287354,-0.35747212171554565
10,0.6,0.3,226.0,0.9807928204536438,0.0,2.4643349647521973,-0.32305893301963806
10,0.6,0.4,281.0,0.9819793105125427,0.0,2.2328836917877197,-0.30629968643188477
10,0.6,0.5,337.0,0.9827194213867188,0.0,2.0531365871429443,-0.29818400740623474
10,0.6,0.6,392.0,0.9817812442779541,0.0,1.9796383380889893,-0.3138839900493622
10,0.6,0.7,447.0,0.9812927842140198,0.0,1.9901576042175293,-0.3487066626548767
10,0.6,0.8,503.0,0.9813723564147949,0.0,2.1595847606658936,-0.4438672959804535
10,0.6,0.9,558.0,0.9790339469909668,0.0,2.719853162765503,-0.7328090071678162
10,0.6,1.0,614.0,0.9097568392753601,8.69988716484249e-12,5.193148612976074,-9.584017753601074
10,0.7,0.1,125.0,0.9618724584579468,0.0,2.144507884979248,-0.5099954009056091
10,0.7,0.2,180.0,0.9742767214775085,0.0,1.8044134378433228,-0.43426477909088135
10,0.7,0.3,236.0,0.9798230528831482,0.0,1.5629549026489258,-0.39218810200691223
10,0.7,0.4,291.0,0.9822028279304504,0.0,1.3927057981491089,-0.3644993305206299
10,0.7,0.5,347.0,0.9834287762641907,0.0,1.2604918479919434,-0.34553200006484985
10,0.7,0.6,402.0,0.9831847548484802,0.0,1.1972317695617676,-0.3492692708969116
10,0.7,0.7,457.0,0.9828690886497498,0.0,1.1880782842636108,-0.3662348687648773
10,0.7,0.8,513.0,0.9828242659568787,0.0,1.2751765251159668,-0.42478400468826294
10,0.7,0.9,568.0,0.9816499948501587,0.0,1.6388490200042725,-0.6458890438079834
10,0.7,1.0,624.0,0.9235063791275024,8.508203030999084e-09,3.661646842956543,-11.231313705444336
10,0.8,0.1,135.0,0.9552461504936218,0.0,1.333595633506775,-0.6539266705513
10,0.8,0.2,190.0,0.969453752040863,0.0,1.1023268699645996,-0.5699225068092346
10,0.8,0.3,246.0,0.9766831398010254,0.0,0.9346017241477966,-0.5182616114616394
10,0.8,0.4,301.0,0.9807226657867432,0.0,0.8113948702812195,-0.4794127345085144
10,0.8,0.5,357.0,0.9827184081077576,0.0,0.7141908407211304,-0.4471363127231598
10,0.8,0.6,412.0,0.9830625653266907,0.0,0.6574041247367859,-0.4278668463230133
10,0.8,0.7,467.0,0.9826695322990417,0.0,0.6341357231140137,-0.4129668176174164
10,0.8,0.8,523.0,0.9827463626861572,0.0,0.6684531569480896,-0.4303928315639496
10,0.8,0.9,578.0,0.982523500919342,7.006492321624085e-45,0.864969789981842,-0.5619226694107056
10,0.8,1.0,634.0,0.9340869784355164,1.4721458683197852e-06,2.454932928085327,-14.343213081359863
10,0.9,0.1,145.0,0.94346022605896,0.0,0.7811363339424133,-0.9075931310653687
10,0.9,0.2,200.0,0.9609377384185791,0.0,0.6276495456695557,-0.8203206062316895
10,0.9,0.3,256.0,0.9707898497581482,0.0,0.5142379999160767,-0.7646462917327881
10,0.9,0.4,311.0,0.9765369892120361,0.0,0.4277481138706207,-0.716040849685669
10,0.9,0.5,367.0,0.9793153405189514,0.0,0.3579508662223816,-0.6594645977020264
10,0.9,0.6,422.0,0.9797093868255615,0.0,0.3135792315006256,-0.6145352721214294
10,0.9,0.7,477.0,0.9785140156745911,0.0,0.28532835841178894,-0.550502359867096
10,0.9,0.8,533.0,0.9767357707023621,0.0,0.28385069966316223,-0.49286121129989624
10,0.9,0.9,588.0,0.9766543507575989,8.389349698158388e-40,0.35400405526161194,-0.49154940247535706
10,0.9,1.0,644.0,0.9625675678253174,0.00012782450357917696,1.6275336742401123,-25.34868621826172
10,1.0,0.1,155.0,0.9111759662628174,0.0,0.42253729701042175,-1.5028573274612427
10,1.0,0.2,210.0,0.9368839859962463,0.0,0.3222409784793854,-1.4550012350082397
10,1.0,0.3,266.0,0.9533196091651917,0.0,0.24629424512386322,-1.4579757452011108
10,1.0,0.4,321.0,0.9657533764839172,0.0,0.18902212381362915,-1.4936738014221191
10,1.0,0.5,377.0,0.9746314883232117,0.0,0.14131900668144226,-1.5335774421691895
10,1.0,0.6,432.0,0.9833797216415405,0.0,0.10476285964250565,-1.5921744108200073
10,1.0,0.7,487.0,0.988425612449646,0.0,0.07389485090970993,-1.6226997375488281
10,1.0,0.8,543.0,0.9917595386505127,0.0,0.05000509321689606,-1.748368740081787
10,1.0,0.9,598.0,0.9918962717056274,1.4776692306305196e-41,0.03534198924899101,-1.9838149547576904
10,1.0,1.0,654.0,1.0,0.0,0.0,1.0
15,0.1,0.1,65.0,0.945758581161499,0.0,545.7366943359375,-0.4415290951728821
15,0.1,0.2,120.0,0.9597453474998474,0.0,403.4681396484375,-0.37536919116973877
15,0.1,0.3,176.0,0.9638903737068176,0.0,308.2692565917969,-0.36122605204582214
15,0.1,0.4,231.0,0.964992880821228,0.0,241.10586547851562,-0.36834198236465454
15,0.1,0.5,287.0,0.964282751083374,0.0,189.51499938964844,-0.3918147683143616
15,0.1,0.6,342.0,0.9627247452735901,0.0,154.76577758789062,-0.44502243399620056
15,0.1,0.7,397.0,0.9589225649833679,0.0,129.2803192138672,-0.52984619140625
15,0.1,0.8,453.0,0.9520143866539001,0.0,112.10224914550781,-0.7014043927192688
15,0.1,0.9,508.0,0.9380041360855103,0.0,107.00033569335938,-1.1832170486450195
15,0.1,1.0,564.0,0.8051321506500244,3.345422179244404e-18,119.51239013671875,-5.725429058074951
15,0.2,0.1,75.0,0.9523623585700989,0.0,343.9860534667969,-0.41354939341545105
15,0.2,0.2,130.0,0.9665777087211609,0.0,252.53968811035156,-0.35221484303474426
15,0.2,0.3,186.0,0.9703256487846375,0.0,191.5972900390625,-0.339668869972229
15,0.2,0.4,241.0,0.9709336757659912,0.0,148.8639678955078,-0.3474980890750885
15,0.2,0.5,297.0,0.9701136946678162,0.0,115.9166030883789,-0.3678760230541229
15,0.2,0.6,352.0,0.9674472808837891,0.0,93.66556549072266,-0.4101487398147583
15,0.2,0.7,407.0,0.9629366397857666,0.0,77.28166961669922,-0.47692301869392395
15,0.2,0.8,463.0,0.9584503769874573,0.0,67.13742065429688,-0.6343877911567688
15,0.2,0.9,518.0,0.947743833065033,0.0,64.54463958740234,-1.0762124061584473
15,0.2,1.0,574.0,0.8265100717544556,1.4445918613573028e-17,74.74470520019531,-5.679177761077881
15,0.3,0.1,85.0,0.9564855098724365,0.0,216.92529296875,-0.41850364208221436
15,0.3,0.2,140.0,0.9705080986022949,0.0,157.4681396484375,-0.35620567202568054
15,0.3,0.3,196.0,0.9747779965400696,0.0,117.8529281616211,-0.3401670753955841
15,0.3,0.4,251.0,0.9755051136016846,0.0,90.35700225830078,-0.34370186924934387
15,0.3,0.5,307.0,0.9747292995452881,0.0,69.18138885498047,-0.3534352481365204
15,0.3,0.6,362.0,0.9714651703834534,0.0,54.941165924072266,-0.3791680932044983
15,0.3,0.7,417.0,0.9685208797454834,0.0,45.09702682495117,-0.43834370374679565
15,0.3,0.8,473.0,0.9652952551841736,0.0,39.12459945678711,-0.5804864764213562
15,0.3,0.9,528.0,0.9560372233390808,0.0,37.95734786987305,-0.984301745891571
15,0.3,1.0,584.0,0.8456628322601318,1.5349489554218674e-15,45.88521957397461,-5.792901515960693
15,0.4,0.1,95.0,0.9585759043693542,0.0,134.5047607421875,-0.4446812868118286
15,0.4,0.2,150.0,0.9712472558021545,0.0,96.60900115966797,-0.38262322545051575
15,0.4,0.3,206.0,0.9764235615730286,0.0,71.1163558959961,-0.36040356755256653
15,0.4,0.4,261.0,0.9775717854499817,0.0,53.52216339111328,-0.3526626527309418
15,0.4,0.5,317.0,0.9768979549407959,0.0,40.0008430480957,-0.3434632122516632
15,0.4,0.6,372.0,0.9745722413063049,0.0,31.4727783203125,-0.36343297362327576
15,0.4,0.7,427.0,0.9721233248710632,0.0,25.716917037963867,-0.4152023196220398
15,0.4,0.8,483.0,0.9690247178077698,0.0,22.22472381591797,-0.5372994542121887
15,0.4,0.9,538.0,0.9604034423828125,0.0,21.86345672607422,-0.899614691734314
15,0.4,1.0,594.0,0.8567650318145752,4.710941923016798e-13,27.927000045776367,-5.957728862762451
15,0.5,0.1,105.0,0.9567053914070129,0.0,81.96851348876953,-0.49988892674446106
15,0.5,0.2,160.0,0.9706196784973145,0.0,57.82052230834961,-0.4320792257785797
15,0.5,0.3,216.0,0.976918637752533,0.0,41.580360412597656,-0.39716967940330505
15,0.5,0.4,271.0,0.979123055934906,0.0,30.438762664794922,-0.3699374496936798
15,0.5,0.5,327.0,0.9797617197036743,0.0,22.312274932861328,-0.35366836190223694
15,0.5,0.6,382.0,0.9783406853675842,0.0,17.310434341430664,-0.3685797452926636
15,0.5,0.7,437.0,0.9762760996818542,0.0,13.909063339233398,-0.4052831530570984
15,0.5,0.8,493.0,0.9735140800476074,0.0,11.904288291931152,-0.5057955384254456
15,0.5,0.9,548.0,0.966887891292572,4.764414778704378e-44,11.813329696655273,-0.8233636617660522
15,0.5,1.0,604.0,0.8734808564186096,5.0948613383727803e-11,16.068151473999023,-6.298530101776123
15,0.6,0.1,115.0,0.9529761672019958,0.0,48.863548278808594,-0.5830187797546387
15,0.6,0.2,170.0,0.9690820574760437,0.0,33.627281188964844,-0.5038056373596191
15,0.6,0.3,226.0,0.9770453572273254,0.0,23.441251754760742,-0.45011138916015625
15,0.6,0.4,281.0,0.9804365038871765,0.0,16.791465759277344,-0.41363465785980225
15,0.6,0.5,337.0,0.9821435809135437,0.0,12.069042205810547,-0.39289745688438416
15,0.6,0.6,392.0,0.9807197451591492,0.0,9.160133361816406,-0.39311397075653076
15,0.6,0.7,447.0,0.9789824485778809,0.0,7.2030439376831055,-0.41103073954582214
15,0.6,0.8,503.0,0.9770551919937134,0.0,6.076300144195557,-0.48561549186706543
15,0.6,0.9,558.0,0.9722226858139038,1.401298464324817e-45,6.0604472160339355,-0.7450606822967529
15,0.6,1.0,614.0,0.8914843797683716,1.701579294133282e-10,9.055866241455078,-6.71527099609375
15,0.7,0.1,125.0,0.9439959526062012,0.0,28.49359130859375,-0.6998558640480042
15,0.7,0.2,180.0,0.9633371233940125,0.0,19.011903762817383,-0.603817880153656
15,0.7,0.3,236.0,0.9739684462547302,0.0,12.889411926269531,-0.5396932363510132
15,0.7,0.4,291.0,0.9794508218765259,0.0,9.000028610229492,-0.497944712638855
15,0.7,0.5,347.0,0.9823493361473083,0.0,6.253087043762207,-0.4611581563949585
15,0.7,0.6,402.0,0.9824120998382568,0.0,4.585208892822266,-0.44448527693748474
15,0.7,0.7,457.0,0.9817146062850952,0.0,3.4909424781799316,-0.4410207271575928
15,0.7,0.8,513.0,0.9811033010482788,0.0,2.862480401992798,-0.4835643768310547
15,0.7,0.9,568.0,0.9778818488121033,5.1285449872561104e-39,2.8427114486694336,-0.6761305332183838
15,0.7,1.0,624.0,0.9066227674484253,6.645148431516645e-08,4.8215012550354,-7.54537296295166
15,0.8,0.1,135.0,0.9312734007835388,0.0,15.832450866699219,-0.8737567067146301
15,0.8,0.2,190.0,0.9543939232826233,0.0,10.258818626403809,-0.7676550149917603
15,0.8,0.3,246.0,0.9672420024871826,0.0,6.758754730224609,-0.7013137340545654
15,0.8,0.4,301.0,0.9758500456809998,0.0,4.511416435241699,-0.6437645554542542
15,0.8,0.5,357.0,0.9811007976531982,0.0,2.985809087753296,-0.5906267762184143
15,0.8,0.6,412.0,0.9836089611053467,0.0,2.0854651927948,-0.5555593371391296
15,0.8,0.7,467.0,0.9842073321342468,0.0,1.5105628967285156,-0.5226874947547913
15,0.8,0.8,523.0,0.9844556450843811,0.0,1.171157956123352,-0.5196800827980042
15,0.8,0.9,578.0,0.9834902882575989,2.1392376499213733e-39,1.1154334545135498,-0.6201816201210022
15,0.8,1.0,634.0,0.9219937920570374,6.659488008153858e-06,2.2509915828704834,-9.03258228302002
15,0.9,0.1,145.0,0.9117451310157776,0.0,8.371561050415039,-1.144735336303711
15,0.9,0.2,200.0,0.9384057521820068,0.0,5.241344451904297,-1.0428742170333862
15,0.9,0.3,256.0,0.9556634426116943,0.0,3.2929153442382812,-0.9708503484725952
15,0.9,0.4,311.0,0.9679737091064453,0.0,2.079221248626709,-0.9105350375175476
15,0.9,0.5,367.0,0.9760246276855469,0.0,1.2949059009552002,-0.8473446369171143
15,0.9,0.6,422.0,0.9808286428451538,0.0,0.8443428874015808,-0.8023588061332703
15,0.9,0.7,477.0,0.9830259084701538,0.0,0.5548142194747925,-0.7245316505432129
15,0.9,0.8,533.0,0.984020471572876,0.0,0.38268715143203735,-0.64263916015625
15,0.9,0.9,588.0,0.983109712600708,1.9711378861409683e-38,0.31052544713020325,-0.5798898339271545
15,0.9,1.0,644.0,0.9533716440200806,0.0003135355655103922,0.9877063632011414,-15.959092140197754
15,1.0,0.1,155.0,0.8682642579078674,0.0,4.237237453460693,-1.6236985921859741
15,1.0,0.2,210.0,0.9023951888084412,0.0,2.5200018882751465,-1.5446255207061768
15,1.0,0.3,266.0,0.9241735935211182,0.0,1.4892642498016357,-1.516654372215271
15,1.0,0.4,321.0,0.9408356547355652,0.0,0.8741509914398193,-1.5230774879455566
15,1.0,0.5,377.0,0.9518864154815674,0.0,0.49231505393981934,-1.5551528930664062
15,1.0,0.6,432.0,0.9620921611785889,0.0,0.2710992693901062,-1.6165225505828857
15,1.0,0.7,487.0,0.9702290296554565,0.0,0.13386322557926178,-1.6811707019805908
15,1.0,0.8,543.0,0.9789522290229797,0.0,0.05325329303741455,-1.7953089475631714
15,1.0,0.9,598.0,0.9736022353172302,6.4457608985700696e-21,0.023170314729213715,-1.9906680583953857
15,1.0,1.0,654.0,1.0,0.0,0.0,1.0
20,0.1,0.1,65.0,0.9458217620849609,0.0,17602.361328125,-0.6849632263183594
20,0.1,0.2,120.0,0.9602113366127014,0.0,10678.6552734375,-0.5723206400871277
20,0.1,0.3,176.0,0.963331937789917,0.0,6513.34375,-0.4940701425075531
20,0.1,0.4,231.0,0.962047278881073,0.0,3994.858154296875,-0.418518602848053
20,0.1,0.5,287.0,0.9626348614692688,0.0,2493.265869140625,-0.3925950527191162
20,0.1,0.6,342.0,0.9607923626899719,0.0,1676.7750244140625,-0.4353780448436737
20,0.1,0.7,397.0,0.9562740921974182,0.0,1154.514892578125,-0.5165798664093018
20,0.1,0.8,453.0,0.9503538012504578,0.0,824.6227416992188,-0.6927891373634338
20,0.1,0.9,508.0,0.9364688396453857,0.0,649.1129760742188,-1.1657195091247559
20,0.1,1.0,564.0,0.8039215803146362,2.7708517724171078e-18,593.2911987304688,-5.312387466430664
20,0.2,0.1,75.0,0.9506794214248657,0.0,9730.8212890625,-0.626131534576416
20,0.2,0.2,130.0,0.9655516147613525,0.0,5737.6337890625,-0.5029888153076172
20,0.2,0.3,186.0,0.9683237671852112,0.0,3386.362548828125,-0.40209877490997314
20,0.2,0.4,241.0,0.9700520038604736,0.0,2083.844482421875,-0.353384792804718
20,0.2,0.5,297.0,0.9690520763397217,0.0,1316.6285400390625,-0.36270463466644287
20,0.2,0.6,352.0,0.9658098816871643,0.0,873.900634765625,-0.4017865061759949
20,0.2,0.7,407.0,0.9618927836418152,0.0,591.903076171875,-0.4746520519256592
20,0.2,0.8,463.0,0.9574195146560669,0.0,418.0370788574219,-0.6350237131118774
20,0.2,0.9,518.0,0.9451212882995605,0.0,327.1648864746094,-1.0652540922164917
20,0.2,1.0,574.0,0.8174905180931091,8.543322536772643e-17,306.09722900390625,-5.167189121246338
20,0.3,0.1,85.0,0.9529222249984741,0.0,5292.82177734375,-0.584709644317627
20,0.3,0.2,140.0,0.9676575660705566,0.0,3004.649169921875,-0.4360193908214569
20,0.3,0.3,196.0,0.9740909337997437,0.0,1758.443115234375,-0.35248124599456787
20,0.3,0.4,251.0,0.975078284740448,0.0,1097.102783203125,-0.3442443013191223
20,0.3,0.5,307.0,0.9739843606948853,0.0,678.9784545898438,-0.350205659866333
20,0.3,0.6,362.0,0.9709814190864563,0.0,441.2650451660156,-0.3827919661998749
20,0.3,0.7,417.0,0.967926561832428,0.0,293.5169677734375,-0.44760850071907043
20,0.3,0.8,473.0,0.9638320207595825,0.0,203.98214721679688,-0.5898963212966919
20,0.3,0.9,528.0,0.9510783553123474,0.0,158.5111541748047,-0.9713596105575562
20,0.3,1.0,584.0,0.836444079875946,1.1889147571173334e-14,153.786865234375,-5.178941249847412
20,0.4,0.1,95.0,0.952869713306427,0.0,2775.23095703125,-0.5422964692115784
20,0.4,0.2,150.0,0.9697242975234985,0.0,1555.795654296875,-0.4058479368686676
20,0.4,0.3,206.0,0.9759055376052856,0.0,924.7127075195312,-0.36883407831192017
20,0.4,0.4,261.0,0.97715163230896,0.0,564.6183471679688,-0.3566807210445404
20,0.4,0.5,317.0,0.9766740202903748,0.0,339.73785400390625,-0.35420748591423035
20,0.4,0.6,372.0,0.9742287993431091,0.0,215.9969482421875,-0.3810637295246124
20,0.4,0.7,427.0,0.9711880683898926,0.0,140.79905700683594,-0.4351469874382019
20,0.4,0.8,483.0,0.9657214283943176,0.0,95.5810317993164,-0.5449546575546265
20,0.4,0.9,538.0,0.9548313617706299,1.3732724950383207e-43,74.96231842041016,-0.8865187168121338
20,0.4,1.0,594.0,0.8465856909751892,2.639590802877567e-12,76.15613555908203,-5.186181545257568
20,0.5,0.1,105.0,0.9523663520812988,0.0,1438.5582275390625,-0.5395273566246033
20,0.5,0.2,160.0,0.9687592387199402,0.0,817.3538818359375,-0.45274531841278076
20,0.5,0.3,216.0,0.9756975769996643,0.0,473.63128662109375,-0.4120365381240845
20,0.5,0.4,271.0,0.9783667922019958,0.0,280.0694580078125,-0.38956478238105774
20,0.5,0.5,327.0,0.9791696667671204,0.0,163.09471130371094,-0.38158348202705383
20,0.5,0.6,382.0,0.9777033925056458,0.0,100.37907409667969,-0.40028536319732666
20,0.5,0.7,437.0,0.9742348194122314,0.0,62.864952087402344,-0.42654675245285034
20,0.5,0.8,493.0,0.970420777797699,0.0,41.804176330566406,-0.517464816570282
20,0.5,0.9,548.0,0.9613727331161499,1.5194559508366856e-40,32.752559661865234,-0.8138900995254517
20,0.5,1.0,604.0,0.8617392182350159,2.0580757931210059e-10,35.095577239990234,-5.374581336975098
20,0.6,0.1,115.0,0.9476200938224792,0.0,760.1411743164062,-0.6232184171676636
20,0.6,0.2,170.0,0.9658949375152588,0.0,420.3676452636719,-0.5343229174613953
20,0.6,0.3,226.0,0.9746385216712952,0.0,234.8529815673828,-0.483153373003006
20,0.6,0.4,281.0,0.9785502552986145,0.0,134.39085388183594,-0.45440173149108887
20,0.6,0.5,337.0,0.9807929992675781,0.0,75.31941986083984,-0.4389907419681549
20,0.6,0.6,392.0,0.979145348072052,0.0,44.3139533996582,-0.43088194727897644
20,0.6,0.7,447.0,0.977030336856842,0.0,26.78420639038086,-0.4386942982673645
20,0.6,0.8,503.0,0.9740211963653564,0.0,17.316247940063477,-0.5046268701553345
20,0.6,0.9,558.0,0.9663144946098328,6.324760618730062e-41,13.503012657165527,-0.7441932559013367
20,0.6,1.0,614.0,0.8759857416152954,1.9232166970084563e-09,15.653786659240723,-5.597543239593506
20,0.7,0.1,125.0,0.936087429523468,0.0,396.927490234375,-0.7501496076583862
20,0.7,0.2,180.0,0.9574493169784546,0.0,211.88143920898438,-0.6520784497261047
20,0.7,0.3,236.0,0.9687749743461609,0.0,114.08397674560547,-0.5951585173606873
20,0.7,0.4,291.0,0.9752922058105469,0.0,62.61747741699219,-0.5604127645492554
20,0.7,0.5,347.0,0.9792212843894958,0.0,33.174644470214844,-0.5208786725997925
20,0.7,0.6,402.0,0.9803632497787476,0.0,18.516374588012695,-0.4931142032146454
20,0.7,0.7,457.0,0.9798067212104797,0.0,10.676709175109863,-0.4844895601272583
20,0.7,0.8,513.0,0.9781346917152405,0.0,6.586885929107666,-0.5169828534126282
20,0.7,0.9,568.0,0.9721064567565918,5.601197061712102e-34,5.017400741577148,-0.6854368448257446
20,0.7,1.0,624.0,0.8928155303001404,2.5582900775589223e-07,6.375309944152832,-6.0751118659973145
20,0.8,0.1,135.0,0.9194296002388,0.0,198.13697814941406,-0.9383209347724915
20,0.8,0.2,190.0,0.9441522359848022,0.0,102.10009002685547,-0.8364750742912292
20,0.8,0.3,246.0,0.9578605890274048,0.0,52.793087005615234,-0.7796334028244019
20,0.8,0.4,301.0,0.9681144952774048,0.0,27.221885681152344,-0.7280576825141907
20,0.8,0.5,357.0,0.9760605692863464,0.0,13.45501708984375,-0.6663317084312439
20,0.8,0.6,412.0,0.9803019762039185,0.0,7.071319103240967,-0.6327914595603943
20,0.8,0.7,467.0,0.9816572070121765,0.0,3.7991838455200195,-0.5906120538711548
20,0.8,0.8,523.0,0.9819049835205078,0.0,2.159416913986206,-0.5747318863868713
20,0.8,0.9,578.0,0.9794960021972656,1.5008276800635918e-34,1.494117021560669,-0.6445239782333374
20,0.8,1.0,634.0,0.9108131527900696,1.0551111699896865e-05,2.0637612342834473,-6.696554660797119
20,0.9,0.1,145.0,0.8945010900497437,0.0,94.28509521484375,-1.2174949645996094
20,0.9,0.2,200.0,0.9222458004951477,0.0,46.608699798583984,-1.1257946491241455
20,0.9,0.3,256.0,0.9401817321777344,0.0,22.740707397460938,-1.067306637763977
20,0.9,0.4,311.0,0.9562911987304688,0.0,10.888300895690918,-1.003990888595581
20,0.9,0.5,367.0,0.9667176604270935,0.0,5.052399158477783,-0.9537005424499512
20,0.9,0.6,422.0,0.9745979309082031,0.0,2.434640407562256,-0.907515287399292
20,0.9,0.7,477.0,0.979195237159729,0.0,1.1671134233474731,-0.831653892993927
20,0.9,0.8,533.0,0.9816842675209045,0.0,0.5585922002792358,-0.7380539774894714
20,0.9,0.9,588.0,0.9811189770698547,1.511495819351407e-33,0.2805200517177582,-0.6231207847595215
20,0.9,1.0,644.0,0.9449283480644226,0.0005831850576214492,0.6082249283790588,-11.323525428771973
20,1.0,0.1,155.0,0.8468693494796753,0.0,43.343875885009766,-1.6636016368865967
20,1.0,0.2,210.0,0.8801713585853577,0.0,20.28891944885254,-1.5960164070129395
20,1.0,0.3,266.0,0.904862642288208,0.0,9.213090896606445,-1.5552124977111816
20,1.0,0.4,321.0,0.9234251379966736,0.0,4.131473064422607,-1.5651235580444336
20,1.0,0.5,377.0,0.9368665814399719,0.0,1.727134346961975,-1.5748164653778076
20,1.0,0.6,432.0,0.9485704302787781,0.0,0.7127848267555237,-1.6381150484085083
20,1.0,0.7,487.0,0.9550186991691589,0.0,0.25041574239730835,-1.6799829006195068
20,1.0,0.8,543.0,0.9624794125556946,2.06494243084909e-37,0.05722728744149208,-1.752829909324646
20,1.0,0.9,598.0,0.9526563286781311,2.202020787933634e-09,0.015618929639458656,-1.8231059312820435
20,1.0,1.0,654.0,1.0,0.0,0.0,1.0
40,0.1,0.1,65.0,0.9568513631820679,0.0,154956720.0,0.1260477602481842
40,0.1,0.2,120.0,0.9729564189910889,0.0,187941008.0,0.03485045209527016
40,0.1,0.3,176.0,0.9783334136009216,0.0,213279472.0,-0.14891286194324493
40,0.1,0.4,231.0,0.9798262119293213,0.0,191653936.0,-0.3518241047859192
40,0.1,0.5,287.0,0.9788734316825867,0.0,120937432.0,-0.5400704145431519
40,0.1,0.6,342.0,0.9772638082504272,0.0,57599932.0,-0.7582891583442688
40,0.1,0.7,397.0,0.9714672565460205,0.0,21375182.0,-1.0115540027618408
40,0.1,0.8,453.0,0.9574447870254517,0.0,6062161.5,-1.1621507406234741
40,0.1,0.9,508.0,0.9353870153427124,0.0,1661490.75,-1.5891053676605225
40,0.1,1.0,564.0,0.7696893215179443,5.808054626741494e-16,491923.90625,-5.906616687774658
40,0.2,0.1,75.0,0.9640069603919983,0.0,163829552.0,0.05673842504620552
40,0.2,0.2,130.0,0.9783869385719299,0.0,183620976.0,-0.0790449008345604
40,0.2,0.3,186.0,0.9828659296035767,0.0,171000624.0,-0.27410244941711426
40,0.2,0.4,241.0,0.983665943145752,0.0,116028320.0,-0.4597901999950409
40,0.2,0.5,297.0,0.9827362298965454,0.0,54295364.0,-0.6549441814422607
40,0.2,0.6,352.0,0.979461669921875,0.0,20191274.0,-0.8742590546607971
40,0.2,0.7,407.0,0.9695001840591431,0.0,5553647.5,-0.922812819480896
40,0.2,0.8,463.0,0.9587835669517517,0.0,1272250.125,-0.9842271208763123
40,0.2,0.9,518.0,0.9365973472595215,0.0,309372.90625,-1.306089162826538
40,0.2,1.0,574.0,0.7798405289649963,3.266908160551134e-14,94165.6015625,-5.054134368896484
40,0.3,0.1,85.0,0.9686489105224609,0.0,166108160.0,-0.07496360689401627
40,0.3,0.2,140.0,0.9811092615127563,0.0,156481600.0,-0.2278846949338913
40,0.3,0.3,196.0,0.9854796528816223,0.0,110642408.0,-0.41092145442962646
40,0.3,0.4,251.0,0.986330509185791,0.0,55597456.0,-0.5934696197509766
40,0.3,0.5,307.0,0.9852712154388428,0.0,19804018.0,-0.8042109608650208
40,0.3,0.6,362.0,0.9783135056495667,0.0,5436699.0,-0.8421235084533691
40,0.3,0.7,417.0,0.9710652232170105,0.0,1169095.125,-0.7975468635559082
40,0.3,0.8,473.0,0.9594196081161499,0.0,231040.21875,-0.8056427836418152
40,0.3,0.9,528.0,0.9389655590057373,3.839557792249999e-43,54936.36328125,-1.061510443687439
40,0.3,1.0,584.0,0.8103778958320618,1.2568538874588309e-12,18951.380859375,-4.647194862365723
40,0.4,0.1,95.0,0.9710965752601624,0.0,147187712.0,-0.24259929358959198
40,0.4,0.2,150.0,0.9816029071807861,0.0,108139336.0,-0.398529052734375
40,0.4,0.3,206.0,0.9863159656524658,0.0,56138184.0,-0.5741407871246338
40,0.4,0.4,261.0,0.9872551560401917,0.0,21474608.0,-0.778550386428833
40,0.4,0.5,317.0,0.9835241436958313,0.0,5593059.0,-0.8369624614715576
40,0.4,0.6,372.0,0.9785301089286804,0.0,1165793.25,-0.7563899159431458
40,0.4,0.7,427.0,0.969709575176239,0.0,209831.359375,-0.6693971753120422
40,0.4,0.8,483.0,0.9580263495445251,0.0,39139.2265625,-0.6472851634025574
40,0.4,0.9,538.0,0.942516028881073,1.1097662781973162e-37,10383.0146484375,-0.8655602335929871
40,0.4,1.0,594.0,0.8313415050506592,3.979558349520573e-11,4001.101806640625,-4.398254871368408
40,0.5,0.1,105.0,0.9704337120056152,0.0,107614792.0,-0.44038429856300354
40,0.5,0.2,160.0,0.9811283349990845,0.0,58696764.0,-0.592037558555603
40,0.5,0.3,216.0,0.985891580581665,0.0,22864176.0,-0.7916934490203857
40,0.5,0.4,271.0,0.985085129737854,0.0,6572433.5,-0.9050796031951904
40,0.5,0.5,327.0,0.9833081960678101,0.0,1235285.0,-0.7929710149765015
40,0.5,0.6,382.0,0.9781695604324341,0.0,207658.484375,-0.6722896695137024
40,0.5,0.7,437.0,0.9699443578720093,0.0,33741.99609375,-0.5594443678855896
40,0.5,0.8,493.0,0.9624168276786804,0.0,6592.482421875,-0.5227653980255127
40,0.5,0.9,548.0,0.952131450176239,5.1241728015227644e-36,1890.3653564453125,-0.7754582166671753
40,0.5,1.0,604.0,0.8454150557518005,9.932459299477614e-10,730.2293090820312,-4.273382186889648
40,0.6,0.1,115.0,0.9678251147270203,0.0,62613664.0,-0.6712226867675781
40,0.6,0.2,170.0,0.9791687726974487,0.0,25591534.0,-0.8457552194595337
40,0.6,0.3,226.0,0.9824771285057068,0.0,7566676.5,-1.0135711431503296
40,0.6,0.4,281.0,0.9828804731369019,0.0,1566627.25,-0.9151039123535156
40,0.6,0.5,337.0,0.9819831252098083,0.0,231805.125,-0.7605907917022705
40,0.6,0.6,392.0,0.9768801331520081,0.0,33962.7421875,-0.6094008088111877
40,0.6,0.7,447.0,0.9710677862167358,0.0,5535.73291015625,-0.4700220227241516
40,0.6,0.8,503.0,0.968506932258606,0.0,1142.495361328125,-0.5004447102546692
40,0.6,0.9,558.0,0.9554237127304077,1.638835193830566e-34,309.3481140136719,-0.7020114064216614
40,0.6,1.0,614.0,0.8565326929092407,5.179538575816878e-08,128.5179443359375,-4.232346057891846
40,0.7,0.1,125.0,0.9609307646751404,0.0,29605360.0,-0.9636884927749634
40,0.7,0.2,180.0,0.9718614220619202,0.0,9328971.0,-1.148597240447998
40,0.7,0.3,236.0,0.9743918776512146,0.0,1998061.5,-1.0942959785461426
40,0.7,0.4,291.0,0.9767170548439026,0.0,325849.21875,-0.9448660016059875
40,0.7,0.5,347.0,0.976318359375,0.0,40399.015625,-0.7571544051170349
40,0.7,0.6,402.0,0.9740838408470154,0.0,5687.52734375,-0.5770449638366699
40,0.7,0.7,457.0,0.975852370262146,0.0,975.44091796875,-0.5049868822097778
40,0.7,0.8,513.0,0.9720034599304199,0.0,177.4661865234375,-0.5243690609931946
40,0.7,0.9,568.0,0.9591190814971924,1.7299693458849545e-26,45.384307861328125,-0.6561979651451111
40,0.7,1.0,624.0,0.8681847453117371,1.5593062698826543e-06,19.919267654418945,-4.501944541931152
40,0.8,0.1,135.0,0.9485731720924377,0.0,11413540.0,-1.3575021028518677
40,0.8,0.2,190.0,0.9555864930152893,0.0,2683393.5,-1.3644367456436157
40,0.8,0.3,246.0,0.9614877104759216,0.0,446470.875,-1.2193032503128052
40,0.8,0.4,301.0,0.9641826152801514,0.0,60160.36328125,-1.0368140935897827
40,0.8,0.5,357.0,0.9656733870506287,0.0,6875.45263671875,-0.8228933215141296
40,0.8,0.6,412.0,0.9733450412750244,0.0,1010.674560546875,-0.67938631772995
40,0.8,0.7,467.0,0.9749131798744202,0.0,154.98048400878906,-0.6368879079818726
40,0.8,0.8,523.0,0.9737743139266968,0.0,23.89168930053711,-0.6147878766059875
40,0.8,0.9,578.0,0.9668665528297424,2.840378743084997e-17,5.219192028045654,-0.6634230017662048
40,0.8,1.0,634.0,0.9007707238197327,1.9181905372533947e-05,1.7004973888397217,-4.077662944793701
40,0.9,0.1,145.0,0.9199234247207642,0.0,3558899.75,-1.762171745300293
40,0.9,0.2,200.0,0.9329907894134521,0.0,639755.4375,-1.6206718683242798
40,0.9,0.3,256.0,0.937171459197998,0.0,87912.0703125,-1.4438074827194214
40,0.9,0.4,311.0,0.9400495886802673,0.0,10615.0,-1.2383532524108887
40,0.9,0.5,367.0,0.9508618116378784,0.0,1253.1610107421875,-1.0083104372024536
40,0.9,0.6,422.0,0.9595622420310974,0.0,174.705078125,-0.9753745794296265
40,0.9,0.7,477.0,0.9637067914009094,0.0,21.988370895385742,-0.916728675365448
40,0.9,0.8,533.0,0.9670965671539307,4.2020752028336e-29,2.864976406097412,-0.8595932126045227
40,0.9,0.9,588.0,0.9628943800926208,1.9083275404341293e-08,0.23843327164649963,-0.6676641702651978
40,0.9,1.0,644.0,0.9095720052719116,0.0035715466365218163,0.15374848246574402,-8.23820972442627
40,1.0,0.1,155.0,0.8745073080062866,0.0,936096.5,-2.2252490520477295
40,1.0,0.2,210.0,0.885906457901001,0.0,140026.09375,-2.0508124828338623
40,1.0,0.3,266.0,0.8863632082939148,0.0,17151.220703125,-1.835917353630066
40,1.0,0.4,321.0,0.894255518913269,0.0,2066.140380859375,-1.59943425655365
40,1.0,0.5,377.0,0.9117971062660217,0.0,248.24632263183594,-1.5518903732299805
40,1.0,0.6,432.0,0.9179545044898987,1.8917298178708245e-32,28.413110733032227,-1.6157195568084717
40,1.0,0.7,487.0,0.9237256050109863,9.508291699487168e-22,2.798297166824341,-1.6590553522109985
40,1.0,0.8,543.0,0.9198300838470459,1.1947587363891898e-10,0.10134252905845642,-1.5499942302703857
40,1.0,0.9,598.0,0.8914423584938049,5.1523430229867724e-15,0.008573299273848534,-1.2416222095489502
40,1.0,1.0,654.0,1.0,0.0,0.0,1.0
80,0.1,0.1,65.0,0.9553335309028625,0.0,5742.7880859375,-1.5024819374084473
80,0.1,0.2,120.0,0.9734928011894226,0.0,9005.4033203125,-1.506097674369812
80,0.1,0.3,176.0,0.9800848364830017,0.0,15130.0439453125,-1.5205018520355225
80,0.1,0.4,231.0,0.9826757907867432,0.0,27168.017578125,-1.5450645685195923
80,0.1,0.5,287.0,0.9849115014076233,0.0,54900.85546875,-1.5815669298171997
80,0.1,0.6,342.0,0.9867550730705261,0.0,121825.46875,-1.665431261062622
80,0.1,0.7,397.0,0.9884982109069824,0.0,318334.53125,-1.8104472160339355
80,0.1,0.8,453.0,0.9906494617462158,0.0,1052012.25,-2.130089521408081
80,0.1,0.9,508.0,0.9796414971351624,0.0,4451435.0,-3.009228229522705
80,0.1,1.0,564.0,0.8850364685058594,3.0076561076005994e-19,19043338.0,-8.481760025024414
80,0.2,0.1,75.0,0.9632676839828491,0.0,7474.2236328125,-1.5044355392456055
80,0.2,0.2,130.0,0.9794022440910339,0.0,12215.5224609375,-1.5024025440216064
80,0.2,0.3,186.0,0.9853394031524658,0.0,21634.2890625,-1.5097639560699463
80,0.2,0.4,241.0,0.9879385232925415,0.0,41534.71875,-1.5259150266647339
80,0.2,0.5,297.0,0.9898236989974976,0.0,91974.1484375,-1.5508917570114136
80,0.2,0.6,352.0,0.9912404417991638,0.0,229341.34375,-1.6196205615997314
80,0.2,0.7,407.0,0.9928642511367798,0.0,706775.8125,-1.7422420978546143
80,0.2,0.8,463.0,0.9897321462631226,0.0,2947076.25,-2.014634132385254
80,0.2,0.9,518.0,0.9516167640686035,1.1550062462350872e-40,11773626.0,-1.756663203239441
80,0.2,1.0,574.0,0.9669690728187561,5.0292601884617685e-42,34001920.0,-1.9041893482208252
80,0.3,0.1,85.0,0.9694516062736511,0.0,9959.0322265625,-1.5107016563415527
80,0.3,0.2,140.0,0.9832426309585571,0.0,17089.48828125,-1.5023914575576782
80,0.3,0.3,196.0,0.9889945387840271,0.0,32238.716796875,-1.5022234916687012
80,0.3,0.4,251.0,0.991591215133667,0.0,67166.671875,-1.5089532136917114
80,0.3,0.5,307.0,0.9933185577392578,0.0,166807.421875,-1.5214041471481323
80,0.3,0.6,362.0,0.9945522546768188,0.0,484395.15625,-1.5736334323883057
80,0.3,0.7,417.0,0.9943612813949585,0.0,1860755.25,-1.668277382850647
80,0.3,0.8,473.0,0.9669307470321655,0.0,8089264.0,-1.305314540863037
80,0.3,0.9,528.0,0.9924318194389343,0.0,18743822.0,0.24206802248954773
80,0.3,1.0,584.0,0.9791569709777832,6.389920997321166e-43,272181952.0,-2.427598237991333
80,0.4,0.1,95.0,0.9739894866943359,0.0,13654.107421875,-1.53156316280365
80,0.4,0.2,150.0,0.9854382276535034,0.0,24796.609375,-1.5169802904129028
80,0.4,0.3,206.0,0.9910091161727905,0.0,50485.23828125,-1.5089703798294067
80,0.4,0.4,261.0,0.9936692118644714,0.0,116277.84375,-1.5057930946350098
80,0.4,0.5,317.0,0.9954362511634827,0.0,334163.40625,-1.504740595817566
80,0.4,0.6,372.0,0.9962267875671387,0.0,1184614.0,-1.5387517213821411
80,0.4,0.7,427.0,0.9725955128669739,0.0,5474468.5,-1.409839153289795
80,0.4,0.8,483.0,0.9951199293136597,0.0,11357354.0,0.3556210994720459
80,0.4,0.9,538.0,0.9958494305610657,0.0,122754816.0,0.3105592131614685
80,0.4,1.0,594.0,0.9321911334991455,4.708232430517875e-19,140815008.0,-7.306901931762695
80,0.5,0.1,105.0,0.9763031005859375,0.0,19324.58203125,-1.5661189556121826
80,0.5,0.2,160.0,0.9868794083595276,0.0,37579.11328125,-1.5444810390472412
80,0.5,0.3,216.0,0.9923152327537537,0.0,83958.7890625,-1.5280821323394775
80,0.5,0.4,271.0,0.9951528310775757,0.0,219588.953125,-1.5139527320861816
80,0.5,0.5,327.0,0.9968029260635376,0.0,763620.5,-1.4975873231887817
80,0.5,0.6,382.0,0.9904723167419434,0.0,3437151.25,-1.4468775987625122
80,0.5,0.7,437.0,0.9960994124412537,0.0,7227782.5,0.2679906487464905
80,0.5,0.8,493.0,0.997566819190979,0.0,59295028.0,0.5513777136802673
80,0.5,0.9,548.0,0.988922119140625,0.0,88519840.0,-0.9630334377288818
80,0.5,1.0,604.0,0.8197789788246155,8.723310074287838e-09,914045.125,-4.544360160827637
80,0.6,0.1,115.0,0.9776294231414795,0.0,28296.607421875,-1.6255390644073486
80,0.6,0.2,170.0,0.9878425598144531,0.0,59733.57421875,-1.596683144569397
80,0.6,0.3,226.0,0.9933006167411804,0.0,149401.765625,-1.571626901626587
80,0.6,0.4,281.0,0.9960373044013977,0.0,457123.90625,-1.5460715293884277
80,0.6,0.5,337.0,0.9938673973083496,0.0,2016556.125,-1.4898743629455566
80,0.6,0.6,392.0,0.9958794116973877,0.0,5011626.0,0.0036530352663248777
80,0.6,0.7,447.0,0.9981015920639038,0.0,21145862.0,0.6723909974098206
80,0.6,0.8,503.0,0.9950420260429382,0.0,79044840.0,-0.49672403931617737
80,0.6,0.9,558.0,0.9515296220779419,6.655895822251716e-35,555188.9375,-0.8054758310317993
80,0.6,1.0,614.0,0.8477997779846191,2.0181572324418084e-07,9698.64453125,-3.8300042152404785
80,0.7,0.1,125.0,0.9775376319885254,0.0,42947.68359375,-1.7140954732894897
80,0.7,0.2,180.0,0.9878185987472534,0.0,99829.2890625,-1.677842378616333
80,0.7,0.3,236.0,0.9935357570648193,0.0,285964.53125,-1.6438556909561157
80,0.7,0.4,291.0,0.9951673746109009,0.0,1067018.25,-1.5999722480773926
80,0.7,0.5,347.0,0.9866946339607239,0.0,3706894.0,-0.5326113700866699
80,0.7,0.6,402.0,0.9979518055915833,0.0,8480842.0,0.6645763516426086
80,0.7,0.7,457.0,0.9976627230644226,0.0,100422920.0,-0.10497095435857773
80,0.7,0.8,513.0,0.9739305973052979,0.0,554960.6875,-0.6608014106750488
80,0.7,0.9,568.0,0.9483245611190796,4.304618528294668e-08,4573.767578125,-0.6259273886680603
80,0.7,1.0,624.0,0.8583728671073914,1.951067133632023e-06,226.28125,-3.883175849914551
80,0.8,0.1,135.0,0.9769490957260132,0.0,68291.734375,-1.8700628280639648
80,0.8,0.2,190.0,0.9876453876495361,0.0,178014.375,-1.828557014465332
80,0.8,0.3,246.0,0.9930009245872498,0.0,602506.1875,-1.7862765789031982
80,0.8,0.4,301.0,0.9617303609848022,0.0,2613491.25,-1.507653832435608
80,0.8,0.5,357.0,0.9967997074127197,0.0,4515575.0,0.5159633755683899
80,0.8,0.6,412.0,0.9979838728904724,0.0,60064408.0,0.32472094893455505
80,0.8,0.7,467.0,0.9861379265785217,0.0,2230043.5,-0.87232506275177
80,0.8,0.8,523.0,0.9647704362869263,1.5894071652903494e-16,3812.264404296875,-0.6053929328918457
80,0.8,0.9,578.0,0.9547469615936279,3.454648549450212e-06,85.41836547851562,-0.6170454621315002
80,0.8,1.0,634.0,0.9053730964660645,1.8638087567524053e-05,2.853192090988159,-3.937721014022827
80,0.9,0.1,145.0,0.9757946729660034,0.0,114829.2578125,-2.143054485321045
80,0.9,0.2,200.0,0.9865847826004028,0.0,344351.8125,-2.103732109069824
80,0.9,0.3,256.0,0.9849987626075745,0.0,1417679.875,-2.0245347023010254
80,0.9,0.4,311.0,0.9926884174346924,0.0,2844165.75,0.0518813356757164
80,0.9,0.5,367.0,0.9965951442718506,0.0,16297484.0,0.5779998898506165
80,0.9,0.6,422.0,0.9906951785087585,0.0,13747360.0,-1.0742707252502441
80,0.9,0.7,477.0,0.9489946961402893,1.6997819427625087e-22,9558.7998046875,-0.9350161552429199
80,0.9,0.8,533.0,0.9454081058502197,2.9724926520202644e-08,82.8291015625,-0.8100771307945251
80,0.9,0.9,588.0,0.950843095779419,1.6535690594565722e-09,3.412724018096924,-0.6809007525444031
80,0.9,1.0,644.0,0.853865385055542,0.01819974184036255,0.06447011977434158,-10.532021522521973
80,1.0,0.1,155.0,0.970730721950531,0.0,201551.734375,-2.7041265964508057
80,1.0,0.2,210.0,0.974810004234314,0.0,709663.5,-2.694880962371826
80,1.0,0.3,266.0,0.976269543170929,0.0,2005283.375,-1.0480507612228394
80,1.0,0.4,321.0,0.9914888739585876,0.0,4572264.5,0.4753938615322113
80,1.0,0.5,377.0,0.989725649356842,0.0,44649400.0,-0.824777364730835
80,1.0,0.6,432.0,0.9220067858695984,7.498329270138523e-23,111579.2109375,-1.8099641799926758
80,1.0,0.7,487.0,0.898037850856781,1.1969049751314742e-07,318.1131591796875,-1.5448918342590332
80,1.0,0.8,543.0,0.9000108242034912,3.029811102527036e-13,4.422767162322998,-1.4599440097808838
80,1.0,0.9,598.0,0.8763736486434937,2.0593049834816135e-12,1.1008894443511963,-1.080649971961975
80,1.0,1.0,654.0,1.0,0.0,0.0,1.0
100,0.1,0.1,65.0,,,13.208884239196777,-1.5015723705291748
100,0.1,0.2,120.0,0.8507237434387207,6.859144718898392e-33,20.810068130493164,-1.508816123008728
100,0.1,0.3,176.0,0.9524573683738708,0.0,35.11155700683594,-1.5247882604599
100,0.1,0.4,231.0,0.9782268404960632,0.0,63.29983901977539,-1.549567461013794
100,0.1,0.5,287.0,0.9867029786109924,0.0,128.44082641601562,-1.584869384765625
100,0.1,0.6,342.0,0.9879130721092224,0.0,286.1841735839844,-1.6671981811523438
100,0.1,0.7,397.0,0.9885390996932983,0.0,750.9174194335938,-1.8092259168624878
100,0.1,0.8,453.0,0.9906262755393982,0.0,2496.409912109375,-2.1272575855255127
100,0.1,0.9,508.0,0.9920818209648132,0.0,10707.646484375,-3.0189154148101807
100,0.1,1.0,564.0,0.9812226891517639,0.0,72425.6171875,-13.363759994506836
100,0.2,0.1,75.0,0.8702540397644043,0.0,17.23569679260254,-1.503868818283081
100,0.2,0.2,130.0,0.9410943388938904,0.0,28.295991897583008,-1.5045627355575562
100,0.2,0.3,186.0,0.9749684929847717,0.0,50.333595275878906,-1.513374924659729
100,0.2,0.4,241.0,0.9862959980964661,0.0,97.03532409667969,-1.5292067527770996
100,0.2,0.5,297.0,0.9902734160423279,0.0,215.81820678710938,-1.5531233549118042
100,0.2,0.6,352.0,0.9911772012710571,0.0,540.3878784179688,-1.6195106506347656
100,0.2,0.7,407.0,0.9928483366966248,0.0,1675.1298828125,-1.7413216829299927
100,0.2,0.8,463.0,0.9946485757827759,0.0,7072.5751953125,-2.020110845565796
100,0.2,0.9,518.0,0.9951686859130859,0.0,42555.01953125,-2.8283169269561768
100,0.2,1.0,574.0,0.9896880984306335,0.0,485749.3125,-13.445229530334473
100,0.3,0.1,85.0,0.9357142448425293,0.0,23.018808364868164,-1.5096771717071533
100,0.3,0.2,140.0,0.9673521518707275,0.0,39.6878776550293,-1.504433035850525
100,0.3,0.3,196.0,0.9836850166320801,0.0,75.20526123046875,-1.5050663948059082
100,0.3,0.4,251.0,0.9902670979499817,0.0,157.36572265625,-1.5114020109176636
100,0.3,0.5,307.0,0.9929389953613281,0.0,392.5445251464844,-1.5220855474472046
100,0.3,0.6,362.0,0.9945112466812134,0.0,1146.390380859375,-1.5740115642547607
100,0.3,0.7,417.0,0.9957992434501648,0.0,4448.248046875,-1.671035885810852
100,0.3,0.8,473.0,0.9967512488365173,0.0,26596.88671875,-1.907483696937561
100,0.3,0.9,528.0,0.9976369738578796,0.0,268761.375,-2.6223108768463135
100,0.3,1.0,584.0,0.9706203937530518,8.630222187930303e-14,7186176.0,-13.121709823608398
100,0.4,0.1,95.0,0.9600915312767029,0.0,31.642105102539062,-1.531011939048767
100,0.4,0.2,150.0,0.9766626954078674,0.0,57.742488861083984,-1.5189160108566284
100,0.4,0.3,206.0,0.9876693487167358,0.0,118.09654998779297,-1.5112156867980957
100,0.4,0.4,261.0,0.9925618767738342,0.0,273.1866760253906,-1.507073163986206
100,0.4,0.5,317.0,0.995266318321228,0.0,789.552978515625,-1.5059012174606323
100,0.4,0.6,372.0,0.9963316917419434,0.0,2821.93408203125,-1.5406652688980103
100,0.4,0.7,427.0,0.997342586517334,0.0,14876.2353515625,-1.6122492551803589
100,0.4,0.8,483.0,0.9982606768608093,0.0,146868.40625,-1.8063656091690063
100,0.4,0.9,538.0,0.9944450259208679,0.0,3336200.25,-2.402024269104004
100,0.4,1.0,594.0,0.9839556217193604,2.006839463131229e-24,56811704.0,-1.9831552505493164
100,0.5,0.1,105.0,0.9680279493331909,0.0,44.909217834472656,-1.566269040107727
100,0.5,0.2,160.0,0.9818505048751831,0.0,87.74292755126953,-1.5461021661758423
100,0.5,0.3,216.0,0.9898973107337952,0.0,196.93331909179688,-1.5296354293823242
100,0.5,0.4,271.0,0.9947635531425476,0.0,517.7288208007812,-1.515514850616455
100,0.5,0.5,327.0,0.9964197278022766,0.0,1813.96875,-1.4998462200164795
100,0.5,0.6,382.0,0.9977128505706787,0.0,8594.6640625,-1.5154261589050293
100,0.5,0.7,437.0,0.9985215663909912,0.0,72127.578125,-1.5598313808441162
100,0.5,0.8,493.0,0.9982989430427551,0.0,1626578.25,-1.7005906105041504
100,0.5,0.9,548.0,0.9954529404640198,0.0,23768110.0,0.25135722756385803
100,0.5,1.0,604.0,0.9290749430656433,1.085350431524626e-15,124571896.0,-6.719278335571289
100,0.6,0.1,115.0,0.9724743366241455,0.0,65.93344116210938,-1.6259633302688599
100,0.6,0.2,170.0,0.9840068221092224,0.0,139.84095764160156,-1.5981167554855347
100,0.6,0.3,226.0,0.9926586151123047,0.0,351.4967956542969,-1.5731594562530518
100,0.6,0.4,281.0,0.9951583743095398,0.0,1082.5062255859375,-1.5487086772918701
100,0.6,0.5,337.0,0.9973703026771545,0.0,4883.99609375,-1.5167536735534668
100,0.6,0.6,392.0,0.9985664486885071,0.0,34184.3671875,-1.5125633478164673
100,0.6,0.7,447.0,0.9991782903671265,0.0,576597.9375,-1.5267932415008545
100,0.6,0.8,503.0,0.995606541633606,0.0,9344980.0,0.24404259026050568
100,0.6,0.9,558.0,0.9903712272644043,0.0,76061136.0,-0.7523024678230286
100,0.6,1.0,614.0,0.8369389176368713,4.2138788103329716e-07,183224.265625,-3.858415126800537
100,0.7,0.1,125.0,0.9732616543769836,0.0,100.32366943359375,-1.7147212028503418
100,0.7,0.2,180.0,0.9863238334655762,0.0,234.29910278320312,-1.678983211517334
100,0.7,0.3,236.0,0.9922473430633545,0.0,675.3214111328125,-1.646884560585022
100,0.7,0.4,291.0,0.995521605014801,0.0,2549.623779296875,-1.609829068183899
100,0.7,0.5,347.0,0.9981470704078674,0.0,16077.2958984375,-1.559977412223816
100,0.7,0.6,402.0,0.9991440773010254,0.0,197302.359375,-1.5330194234848022
100,0.7,0.7,457.0,0.990710437297821,0.0,4587943.5,-0.49084576964378357
100,0.7,0.8,513.0,0.9972474575042725,0.0,78548816.0,-0.28705352544784546
100,0.7,0.9,568.0,0.9445253014564514,8.994286417873809e-07,136624.515625,-0.6422204375267029
100,0.7,1.0,624.0,0.8568914532661438,2.012446429944248e-06,923.447998046875,-3.752617120742798
100,0.8,0.1,135.0,0.9744014739990234,0.0,159.8985595703125,-1.8705843687057495
100,0.8,0.2,190.0,0.9860062599182129,0.0,419.2304382324219,-1.8317054510116577
100,0.8,0.3,246.0,0.9918586015701294,0.0,1430.678955078125,-1.7924613952636719
100,0.8,0.4,301.0,0.996326744556427,0.0,7028.3701171875,-1.743192195892334
100,0.8,0.5,357.0,0.9986081123352051,0.0,70880.015625,-1.6739290952682495
100,0.8,0.6,412.0,0.9936636090278625,0.0,1896276.0,-1.5122969150543213
100,0.8,0.7,467.0,0.9989345073699951,0.0,49391072.0,0.3968905508518219
100,0.8,0.8,523.0,0.9661701917648315,9.75573554057035e-28,298119.46875,-0.6459855437278748
100,0.8,0.9,578.0,0.9515960812568665,3.392443250049837e-05,642.1834716796875,-0.6051594018936157
100,0.8,1.0,634.0,0.9077607989311218,2.034911267401185e-05,5.319178581237793,-4.345757961273193
100,0.9,0.1,145.0,0.9749188423156738,0.0,269.6943359375,-2.1458611488342285
100,0.9,0.2,200.0,0.9845378398895264,0.0,814.3447875976562,-2.1096010208129883
100,0.9,0.3,256.0,0.9919154644012451,0.0,3443.656005859375,-2.0741498470306396
100,0.9,0.4,311.0,0.996786892414093,0.0,23946.5546875,-2.021738052368164
100,0.9,0.5,367.0,0.9986112713813782,0.0,458156.09375,-1.9368841648101807
100,0.9,0.6,422.0,0.998246967792511,0.0,5803264.5,0.5397551655769348
100,0.9,0.7,477.0,0.9780641198158264,0.0,1745709.75,-1.0890498161315918
100,0.9,0.8,533.0,0.9394582509994507,7.236799319798592e-07,790.2298583984375,-0.7985554337501526
100,0.9,0.9,588.0,0.9481992125511169,1.1289048273965818e-07,69.39124298095703,-0.6904929876327515
100,0.9,1.0,644.0,0.8447121977806091,0.024690579622983932,0.05764894559979439,-10.908905029296875
100,1.0,0.1,155.0,0.9678444862365723,0.0,475.0099182128906,-2.710190534591675
100,1.0,0.2,210.0,0.980928361415863,0.0,1695.5552978515625,-2.7179770469665527
100,1.0,0.3,266.0,0.9912030100822449,0.0,9276.3720703125,-2.740823984146118
100,1.0,0.4,321.0,0.9967157244682312,0.0,99652.65625,-2.752180814743042
100,1.0,0.5,377.0,0.9818599224090576,0.0,1995145.75,-1.0911041498184204
100,1.0,0.6,432.0,0.991935670375824,0.0,32397200.0,-0.9993959665298462
100,1.0,0.7,487.0,0.8889328241348267,1.7564767063049658e-07,4964.580078125,-1.5284898281097412
100,1.0,0.8,543.0,0.8965206742286682,7.205344827732052e-12,90.81776428222656,-1.4594792127609253
100,1.0,0.9,598.0,0.8785717487335205,5.7000420009001296e-12,24.722719192504883,-1.0823689699172974
100,1.0,1.0,654.0,1.0,0.0,0.0,1.0
