filtered_idx,longitude,latitude
0,113.90274996334037,22.5942230941145
1,113.9167520125299,22.586734667048518
2,113.90038388858572,22.58330267318043
3,113.89406702328374,22.580597673980172
4,113.90482723866484,22.578341863743457
5,113.89065735800344,22.577939268650255
6,113.88805250710227,22.57451556114946
7,113.91174864186144,22.571907045826656
8,113.88416315877078,22.57225229655152
9,113.90527038613804,22.57122865135933
10,113.89504065400408,22.571531294951896
11,113.88088653295692,22.56960125534734
12,113.87122679242209,22.560706088899657
13,113.89815051130886,22.56838719624569
14,113.8882500995183,22.56574954129704
15,113.90258390978752,22.56459983475933
16,113.89771016512975,22.56424978137083
17,113.89549025080557,22.561446457024594
18,113.90678148972557,22.560621423613156
19,113.88022997972128,22.551884426563
20,113.89250888530225,22.558659065394814
21,113.89527350722693,22.550832355077308
22,114.09695705510461,22.565335394385635
23,114.09135602581364,22.56459868872
24,114.08744419414789,22.55868668036986
25,114.0947831530381,22.56000547702848
26,114.09722478435306,22.55541859566569
27,114.08444383301149,22.554995529051332
28,114.09314481747218,22.554879611846015
29,114.00576727280945,22.539689996967997
30,113.99938919622667,22.550905640686153
31,114.0212624830932,22.557875046668276
32,113.99720650662759,22.54017563186145
33,114.00772493285596,22.544022008762678
34,114.01428269069694,22.549217277716366
35,114.0269465196342,22.548478244962514
36,114.01787628064024,22.541367831623838
37,114.03656603204553,22.536186516423367
38,114.02141660525201,22.53519850835254
39,114.00081754447118,22.532142774440697
40,114.0217292122046,22.528648822196963
41,114.01863187469723,22.52832195928246
42,114.02634672929682,22.526889412509988
43,114.03116611013816,22.525856875077825
44,114.04183614406932,22.526473109932553
45,114.01844229692414,22.521607498495882
46,114.03684808257674,22.527616339649086
47,114.03263507263651,22.520687287179584
48,114.03690183651925,22.521561579598384
49,114.03855211459715,22.519077188265292
50,114.09789344870173,22.54205887071486
51,114.09088898420514,22.542370123438616
52,114.08420792581495,22.542031331222816
53,114.09539810847009,22.541110697149808
54,114.0879988515519,22.53932462773008
55,114.08414348418864,22.539147691715073
56,114.09607456311839,22.537605625069926
57,114.08042506540822,22.53468441747842
58,114.07871271859953,22.531287881157315
59,114.09084589981123,22.539998928694498
60,114.06222948703146,22.580756094356886
61,114.02156193968626,22.575836772740935
62,114.03832192507207,22.5736750084425
63,114.06403211718991,22.573142813410854
64,114.04960599407596,22.573627316190418
65,114.0327004544187,22.57193376976617
66,114.04484708004557,22.56914932157576
67,114.05144238370087,22.569186465708963
68,114.05757947929716,22.56862125622938
69,114.01262413667372,22.56246656827915
70,114.03845377606491,22.567503681873553
71,114.03571745809377,22.564676272723524
72,114.04637581818031,22.565911134384095
73,114.05375158612031,22.580115135611795
74,114.06074571110162,22.563702836192434
75,114.05429983108903,22.56377697418894
76,114.04511745020591,22.561765618180974
77,114.03913083693732,22.559622723051017
78,114.03707360135803,22.559136762992406
79,114.05211138073437,22.5539063071231
80,114.03175694710323,22.558312236260434
81,114.04188241897094,22.55351890094918
82,114.03681115588027,22.552150551624333
83,114.05694942781018,22.54700476428266
84,114.04211569969613,22.54621178175083
85,114.03749430797764,22.545487646611814
86,114.09532543714485,22.547628389460996
87,114.0872628574167,22.54641108928581
88,114.07884261144301,22.547337651256985
89,114.07965404948023,22.553827099836557
90,114.08472243498218,22.549400492101135
91,114.07801941726278,22.566501761348054
92,114.06510866963735,22.56165081125075
93,114.07291858273094,22.561130820635398
94,114.07329051146986,22.554973237555917
95,113.90567695109378,22.74607147090057
96,113.9181091860838,22.75350887466891
97,113.93324117510954,22.735783586265242
98,113.92021224425902,22.732796556753694
99,113.95200263279746,22.725665213712247
100,113.77218403528956,22.696397522578497
101,113.79659642168689,22.70522882273138
102,113.82488389406622,22.702326893182196
103,113.8204656309853,22.693093293505296
104,113.80142581665002,22.68787262943989
105,113.786578656582,22.670658350461103
106,113.84387606574296,22.69074746765478
107,113.82576772904653,22.676875047460207
108,113.81533744306655,22.674322904598604
109,113.80186043413525,22.661067187372453
110,113.82404020007432,22.660319467201735
111,113.80888824325157,22.646923849815483
112,113.81508675070165,22.63543120926536
113,113.90868573571093,22.820198014568845
114,113.88893875392098,22.814097456261617
115,113.90485211567857,22.796355079834925
116,113.89482749237946,22.78102546144266
117,113.89098507944081,22.80048821863786
118,113.92462594048264,22.76385735204975
119,113.96582374242645,22.765448365236775
120,113.9418105081443,22.76748321945139
121,113.93765226215415,22.752211672204552
122,113.95610098967815,22.75052025577453
123,113.98205180465725,22.74158994101432
124,113.86492535309849,22.67394002090963
125,113.84204396551664,22.64754095450914
126,113.86531712767288,22.648713205242057
127,113.83627890187009,22.642603566827724
128,113.89352520448284,22.624934378125477
129,113.81813461347822,22.62695605008014
130,113.85500826626016,22.623958851586032
131,113.82172947205298,22.61909956631402
132,113.82910778222758,22.613097073730017
133,113.87880495125225,22.782624080034175
134,113.86310133610455,22.781521089767296
135,113.87535060462143,22.7701898762505
136,113.88506416367314,22.75076519408212
137,113.86777301696199,22.772784830131066
138,113.79499055085256,22.76182584566585
139,113.8070981693374,22.76073000150788
140,113.81811380445532,22.760822857526144
141,113.81297572727986,22.749282982898627
142,113.79573651629744,22.751213341609894
143,113.76870660511305,22.735959732049913
144,113.7920344196696,22.742704632876116
145,113.81442774567378,22.73516223109224
146,113.79249434029558,22.747004848590866
147,113.80578809779152,22.740509239159586
148,113.78750466692222,22.730393103530346
149,113.79971558782263,22.73528171781519
150,113.80709650246689,22.733162916001763
151,113.79812722564432,22.725956670365814
152,113.77356945040324,22.718388693918147
153,113.80956567143426,22.71860578049764
154,113.7960318724686,22.715439725202565
155,113.92702412244896,22.6480895668851
156,113.9551139911047,22.689846993672276
157,113.93327192846124,22.699655565827978
158,113.91588983964105,22.697857784212243
159,113.8984964641632,22.67846833688625
160,113.94888512373889,22.674023672140013
161,113.93646692278634,22.666297555702215
162,113.90665445177042,22.64978919432645
163,113.9603044084183,22.707374854435425
164,113.88175911654815,22.83215749086542
165,113.85915780492678,22.817445909018726
166,113.83964606109437,22.81544203390035
167,113.83988936609175,22.791770001625558
168,113.85057479042977,22.781560098564224
169,113.89593655660819,22.731534432693458
170,113.88441501400703,22.710919084799787
171,113.91889698488222,22.718768306166258
172,113.8982511029207,22.705385313388007
173,113.82383451526923,22.788000956076598
174,113.80443377832292,22.78347670154827
175,113.81867473677511,22.781534080164253
176,113.84248442896012,22.77846507617539
177,113.83092426481241,22.777304532923296
178,113.80238716706896,22.774994174857813
179,113.81403210860802,22.77193488752789
180,113.8364569236392,22.774935341920777
181,113.85664312760872,22.769636257872808
182,113.830004611974,22.76602004917467
183,113.84408454237379,22.76858290667548
184,113.86090564264579,22.753513021904915
185,113.84400860504176,22.7502255212727
186,113.84795370391521,22.736261856969623
187,113.84326321878125,22.728639991066476
188,113.82771169313068,22.723004836011874
189,113.81910151626556,22.714524347444303
190,113.83443363075295,22.717425280130065
191,113.85662902674949,22.71108181160521
192,113.95190749169667,22.784013118998875
193,113.9435142811394,22.813695445710163
194,113.95454912847168,22.795792870307835
195,113.85902192643243,22.619102657034812
196,113.87876909085314,22.606597929038895
197,113.87988428982398,22.60951698800763
198,113.84822865808755,22.602194837512567
199,113.86698014815457,22.603272707829024
200,113.82945466710065,22.59753629893951
201,113.88147843857605,22.59622454187907
202,113.86436003184284,22.59448952393925
203,113.85989242557261,22.589123637227075
204,113.84904676012286,22.562194004502178
205,113.88067707380253,22.591698019510776
206,113.8751913985694,22.586166409380763
207,113.87307060779177,22.57541799965771
208,113.88463319700688,22.58444132310702
209,113.86457908568823,22.582497595325485
210,113.88025153046826,22.583197251773857
211,113.86484339441041,22.579605121421444
212,113.85665293752007,22.582833504899348
213,113.87313699590796,22.573689478217396
214,113.87011049009611,22.56880891282519
215,113.86899826304983,22.571899507255917
216,113.86418652826839,22.56576288179523
217,113.85332829983085,22.57755536735733
218,113.85769618688593,22.571700692672092
219,114.06531739105141,22.552910091612155
220,114.0652742553399,22.549391802136004
221,114.07204820864682,22.547081659074646
222,114.0654204553959,22.545227832699208
223,114.07986607465895,22.539692000360695
224,114.07507619523463,22.541383478715595
225,114.07236339118765,22.5366962990081
226,114.06248961171778,22.53968360702397
227,114.05122577771112,22.537015676927055
228,114.07432453062725,22.53590738226249
229,114.06381938306617,22.534415770564486
230,114.05455595634686,22.525456419419072
231,114.07158461958929,22.525498366797244
232,114.06117171067707,22.527370677214968
233,114.06495167160448,22.527035379905584
234,114.05840290081674,22.52260024068841
235,114.06626764678066,22.51950751680597
236,114.04813519059563,22.528582280215034
237,114.04600163099651,22.523678238600944
238,114.04604105404295,22.520395615598623
239,114.04587038404179,22.516111236112216
240,114.04977201031839,22.51060447135339
241,114.06439019708775,22.667180134908104
242,114.08120875055764,22.650799524722743
243,114.06764042047978,22.640256095637536
244,114.0514277708498,22.635692331607455
245,114.07346540183353,22.63313437971036
246,114.05216493373948,22.62574192249785
247,114.06468971566574,22.616756091557654
248,114.06282195364906,22.607239492943577
249,114.05744797658114,22.65193865297489
250,114.07651272581505,22.618575018556644
251,114.0600627419396,22.624209628180395
252,114.07210290926982,22.65860467981814
253,114.29507823843898,22.736303226012982
254,114.31834976565787,22.719788918489115
255,114.28283225957831,22.718738391445914
256,114.26904030765526,22.70052805295787
257,114.28246954939569,22.6883113453263
258,114.29985260413899,22.706335307061593
259,114.32112077339285,22.736843902376986
260,114.1240106287858,22.621669602215626
261,114.13190100192467,22.617703095132597
262,114.11949300731746,22.614493822470408
263,114.13212944915108,22.61454692586423
264,114.11073878211877,22.6114893316424
265,114.11607958430358,22.609486635267448
266,114.10744015389716,22.603986493903978
267,114.12688328717849,22.606262329010217
268,114.13102120502082,22.605038055199465
269,114.1065814748452,22.607361235567524
270,114.09976499869207,22.60052505799499
271,114.12117628013738,22.60458517866091
272,114.10672108680774,22.60199314781851
273,114.12384210064747,22.597732265722005
274,114.11468505668036,22.598049614250996
275,114.1061303940033,22.59497788150724
276,114.12290166341081,22.59280614380576
277,114.57030167288346,22.635345806492374
278,114.47744823210293,22.60364325526637
279,114.50707113899878,22.606006312546203
280,114.53863291704133,22.60736720235311
281,114.47964377063843,22.5777446222903
282,114.45677329606855,22.573392738453116
283,114.49119233939233,22.562585106982077
284,114.2020628312725,22.641751856701088
285,114.19875392265273,22.65155040094957
286,114.19124562505736,22.646327742117922
287,114.20657978364233,22.650931287368305
288,114.18414702690684,22.63080115709045
289,114.20222380406018,22.652896550926993
290,114.18234085318167,22.65137924838589
291,114.18882733064389,22.662894153174435
292,114.17444776940938,22.643186041380734
293,114.09876200024235,22.657004470001784
294,114.09365430967496,22.62288653463614
295,114.11080377330966,22.633210566416352
296,114.10120851276913,22.631608080743344
297,114.1061238405071,22.627802038893503
298,114.11005848600715,22.618238075001738
299,114.1002303188193,22.613969888021398
300,114.45161427486941,22.652302933463574
301,114.51414212498192,22.644344590051862
302,114.42642773816824,22.650667774877682
303,114.40126818819714,22.638422469082574
304,114.46000748478623,22.632046451337647
305,114.35726106257233,22.62024154102813
306,114.42787758893732,22.6211067444137
307,114.13674722720509,22.60580284273061
308,114.14906473197972,22.60592359584402
309,114.1098636287863,22.709383646648348
310,114.1247545424981,22.710248499873753
311,114.13183281046636,22.703110353981156
312,114.10040003414808,22.69189155572075
313,114.13842108718458,22.688806323916886
314,114.1262617859774,22.69163012696283
315,114.11972473976891,22.683565912696796
316,114.1518187495229,22.6793006837876
317,114.10726467888439,22.67260373580866
318,114.12779513190368,22.66748516001098
319,114.14240997566732,22.667149154156807
320,114.15524395831002,22.65444268662128
321,114.27311015874344,22.779147259840705
322,114.32418994988208,22.796467221053152
323,114.29811881007178,22.77255811521322
324,114.312011982609,22.77478237388044
325,114.33514087898058,22.771970374305294
326,114.3045557710569,22.77487727870783
327,114.29387640284395,22.774885564549216
328,114.32177994002363,22.75445690621892
329,114.29123645035486,22.787200311377678
330,113.9989310839199,22.700822593053687
331,113.97964680495699,22.675146790562497
332,114.0092266558692,22.651012040481607
333,113.98542756053924,22.65337016888106
334,114.00224707992099,22.682736808040428
335,114.00174748120469,22.72505439063355
336,114.02777610577857,22.69400717948317
337,114.02548809301504,22.714315196387744
338,114.06405745856716,22.71094669788759
339,114.05039161891777,22.702572856875836
340,114.08152036670367,22.705375747142753
341,114.0788402175137,22.68296034424919
342,114.03307797643554,22.7621087230223
343,114.0511521802599,22.741077788069145
344,114.03187508204458,22.73659850814098
345,114.09725062639887,22.719418987413533
346,114.07711447978491,22.733609067814047
347,114.04274905616582,22.724394602519023
348,114.08779844472544,22.742161043990976
349,114.04983192353359,22.675911681657805
350,114.01904530136116,22.674451819873855
351,114.02497241324347,22.66498249781394
352,114.04344781865035,22.660365040365317
353,114.01356292935135,22.659187212664612
354,114.02504598009502,22.65321166168815
355,114.04190615809156,22.641243277275738
356,114.01749763851373,22.64297581433598
357,114.0299130210436,22.638329143887617
358,114.02484753331008,22.626326553157963
359,114.04456447584836,22.615069603067614
360,114.03607117644502,22.592912927084523
361,114.01479855573824,22.624337470425406
362,114.00479438726937,22.629835132720906
363,114.02340493274379,22.608388928856666
364,114.1213358764867,22.573074425927715
365,114.12688830912134,22.568119424191064
366,114.13449886889362,22.569701963616332
367,114.12943751343278,22.56654297555726
368,114.13352043320995,22.56748288447346
369,114.121505497411,22.567901433601257
370,114.12295887255485,22.562127656421893
371,114.12044914100446,22.563934981718166
372,114.12518482584073,22.55629613408778
373,114.12839783761493,22.560876409922425
374,114.11882404466732,22.571228172414
375,114.12768458777279,22.57446384021525
376,114.16896235828507,22.598272152079282
377,114.19496479228066,22.591729605220788
378,114.15295908170513,22.585558292861812
379,114.14678506478731,22.595693644058592
380,114.13043747292419,22.588518456866794
381,114.1274858445926,22.58856421427906
382,114.13847516879193,22.583699988314894
383,114.13628977702436,22.578338521740886
384,114.13488597395323,22.573351401202665
385,114.11788202785992,22.556040617426106
386,114.12164813950734,22.553987113210773
387,114.1237050488397,22.55079539845033
388,114.11981610432218,22.548792853715934
389,114.12044627097956,22.5495526166905
390,114.11332395933628,22.55505360060996
391,114.11273936415944,22.54924653829671
392,114.11186205363269,22.588944144230226
393,114.11267500349838,22.582161392318106
394,114.11760272148017,22.586241531136725
395,114.11948806058409,22.57977410601904
396,114.12420262341936,22.580025517355367
397,114.10705138333925,22.55615128967796
398,114.10166631408326,22.555487804949433
399,114.10728855217319,22.550381544578343
400,114.10307770518887,22.548960394673937
401,113.97170450130952,22.593808676736153
402,113.96152689032323,22.58517274251874
403,113.95727892155556,22.572539965709215
404,113.95956303313302,22.573486267360217
405,113.96079304060915,22.56306004127344
406,113.96092037553375,22.56536249386538
407,113.97295747292807,22.56019062930886
408,113.98214424401952,22.565003088881728
409,113.98206241369137,22.55943906285756
410,113.93350280061152,22.596350909481178
411,113.94045658493569,22.618337769255803
412,113.95030739755911,22.641442877331514
413,113.9378631865619,22.579941769124268
414,113.93557864066523,22.57117774298641
415,113.94070590015302,22.560184983651986
416,113.97267827466605,22.628904829494616
417,113.96592704577255,22.60653236128477
418,113.951619359874,22.583019615808183
419,113.9402837494059,22.58802707081918
420,113.93285495858099,22.636348664525634
421,113.93327034252196,22.526668595910472
422,113.92491096230087,22.516691923485467
423,113.94453470019744,22.534537470341963
424,113.93700311335924,22.520594375650905
425,113.92653589061979,22.51205817967312
426,113.92564299051745,22.50894870027407
427,113.94210623033901,22.549668533935456
428,113.92380442457753,22.514488624220853
429,113.9325648165866,22.548634963289977
430,113.92850846429705,22.513347439392074
431,113.9224582256768,22.510543710655746
432,113.95015479235622,22.551514365387376
433,113.93951444432614,22.512070157826916
434,113.9320919545365,22.535952424772493
435,113.92861847905772,22.529270822643042
436,113.95044313512993,22.545931719358776
437,113.88375199515238,22.477310859738466
438,113.92581991668285,22.505211829548568
439,113.91789714609178,22.497379917393214
440,113.92289726274637,22.505073550592645
441,113.91222857090024,22.487127795658445
442,113.91982215093196,22.50494542309396
443,113.91549603556963,22.505613364298384
444,113.90666396484485,22.4944762102415
445,113.92417345517897,22.50005953588244
446,113.89594208836424,22.47086484779328
447,114.2364322467886,22.56706489134082
448,114.23154905298976,22.551199831066985
449,114.10133036062632,22.546298100517028
450,114.10697268694457,22.54312557862375
451,114.10234971806253,22.541130401903946
452,114.10212138822789,22.536637088646273
453,114.14485684111101,22.566319383114543
454,114.13689692084453,22.56143567861251
455,114.13337558017412,22.55693489654471
456,114.12804278732065,22.552834437473816
457,114.13427149409435,22.551838249449506
458,114.14535193723012,22.553245436372855
459,114.1297315359301,22.55090698381111
460,114.13005899408438,22.545229233948028
461,114.13823095615535,22.548807911521482
462,114.14656138116041,22.546705211659503
463,114.1741851316379,22.577513150066565
464,114.17843971927216,22.56716670562148
465,114.16377256725546,22.569158621737436
466,114.15916504654378,22.56615069230028
467,114.16786143606333,22.565197600985222
468,114.1541379069541,22.55908113881375
469,114.16786799910243,22.561262120183347
470,114.18943825234014,22.56260603936924
471,114.12190827007699,22.545842788434626
472,114.11401544731933,22.54424161420067
473,114.12012417263968,22.544614576466522
474,114.11050416440774,22.537595968022465
475,114.1238759190884,22.542640643181805
476,114.11969297715828,22.54024263804921
477,114.11673681053269,22.537695961555258
478,114.11319223269007,22.53598440805465
479,114.10642750043249,22.536171843761263
480,114.08787869709255,22.591422192945856
481,114.0759980271829,22.58376182583774
482,114.10742780082471,22.58762941951758
483,114.10499328546014,22.579394809755506
484,114.09516725303565,22.574833187940154
485,114.09126311263523,22.56962498542831
486,114.10079301527384,22.588594387490375
487,114.11145877245752,22.567036107098858
488,114.10905798301397,22.56720662412427
489,114.10432714673532,22.562099566342283
490,114.1170102094481,22.561011205214136
491,114.10538549082953,22.57019359503267
492,114.11509270731504,22.567647078904844
493,113.87450027599003,22.49187741995468
494,113.88454915064223,22.5073510980307
495,113.90400420890722,22.528717773572435
496,113.91351127698006,22.527811973800993
497,113.91658846335056,22.529251006761402
498,113.92106773308247,22.528344145023016
499,113.92117749236202,22.523479531014853
500,113.91370028971457,22.524351243489154
501,113.903043048438,22.522555267519564
502,113.91300061459103,22.52132365737769
503,113.9088887190479,22.517865868988224
504,113.91718785859322,22.514895317731938
505,113.90820981928458,22.509503505458326
506,113.88589304404303,22.52901718710499
507,113.90755961877944,22.54411169452632
508,113.91224291999931,22.5355211770239
509,113.91597997760596,22.541301864497985
510,113.92319071885382,22.546242234328048
511,113.91330631468507,22.561053681306248
512,113.92344591375482,22.552331977429883
513,113.91457025091164,22.549204770415255
514,113.91701940440211,22.534720401378998
515,113.90757400478059,22.534810477999503
516,113.92284125894092,22.56229663514972
517,113.92349488612412,22.536296391906383
518,113.8983059654913,22.541520467172298
519,113.98512840913536,22.55270616352385
520,113.97161709177047,22.55006317666225
521,113.95828438359098,22.549571533560503
522,113.9641732640252,22.54989649167891
523,113.98346066099757,22.543081428250257
524,113.9649531735553,22.544903063839815
525,113.9674733526151,22.543642526555097
526,113.9708929378359,22.54199210570999
527,113.95634093597472,22.53168339607649
528,113.96411564642186,22.530971237115264
529,113.97658396852367,22.53004495543217
530,113.9870719067287,22.538246958622405
531,113.97615832510961,22.538878622294906
532,113.93822842763309,22.495641447863697
533,113.92730454236039,22.496419509810615
534,113.92338538926656,22.495887246876965
535,113.92800425451246,22.493711767691035
536,113.92542055666115,22.492538763854263
537,113.92310617960916,22.491862442717093
538,113.91882355842301,22.492089948451884
539,113.92902024522844,22.49053384855252
540,113.91761769747811,22.488168038109244
541,113.92457723688656,22.485760473650963
542,113.92188264029276,22.489335071649244
543,113.99069574026313,22.592094705762914
544,113.98460243574335,22.590397642904186
545,113.99285666822323,22.599833290822257
546,114.00446684046861,22.598851506254803
547,114.39279890988111,22.623042539492104
548,114.24861929040891,22.73493144565968
549,114.24237870322533,22.726912124606393
550,114.22617689332176,22.727037396244686
551,114.20546820525009,22.710337766104654
552,114.22476686798547,22.716760583150826
553,114.20180305937318,22.68662114630986
554,114.22254988050427,22.701571880915598
555,114.22137515654454,22.73581630442097
556,114.23366800744779,22.69855822546292
557,114.23882621447252,22.712164007136106
558,114.24085214584915,22.687980545251335
559,114.26587474361938,22.73927266462883
560,114.25643976551729,22.71583378341725
561,114.26269141277673,22.72591564335395
562,114.24589686726816,22.761400091726784
563,114.2150496916211,22.77547294836814
564,114.27164091523352,22.751205676479273
565,114.21921396407372,22.610342317394352
566,114.2242468025934,22.631306512997064
567,114.23029395273319,22.664776220608235
568,114.23891882152806,22.64392465802993
569,114.21918468005555,22.670842834396716
570,114.22263159298909,22.67962257971271
571,114.47506250855285,22.552225461459106
572,114.52110279164982,22.533377595044698
573,114.4956106337519,22.5069118428831
574,114.56385733718577,22.540605880187083
575,114.52321172347585,22.4801175572323
576,114.11824619104077,22.65885518095872
577,114.12842870673599,22.643713240693717
578,114.15520199111143,22.636389101663628
579,114.14610705353131,22.63013615339111
580,114.13686015213456,22.629369070576757
581,114.16081594017761,22.623931387541255
582,114.15896148133653,22.62362508001778
583,114.13894701898859,22.609572508600937
584,114.16299943950335,22.616568712304396
585,114.13761706134272,22.616677123168692
586,114.15233014335217,22.608997968932986
587,114.15946572803311,22.610964532415956
588,114.30167324838638,22.66574069493381
589,114.31551972927684,22.667375055861587
590,114.28329180279117,22.657253580489915
591,114.33756695066458,22.6672352341201
592,114.34908096794693,22.692020710252542
593,114.32261363468372,22.69094390403101
594,114.40019507449813,22.69239444427842
595,114.34548254994964,22.6996625974894
596,114.35950278729426,22.703183618535167
597,114.38215903098093,22.69333073161097
598,114.41964370196618,22.69545508929583
599,114.36161413875112,22.711989760570287
600,114.33488902974639,22.70596639948285
601,114.38560098415934,22.716102542252937
602,114.35307679605587,22.727325631469135
603,114.36200290174435,22.743046185886342
604,114.39433001231875,22.74238048023209
605,114.3530091008158,22.75574303867973
606,114.40235851654077,22.768087106147043
607,114.36356940398885,22.663039276725982
608,114.36478460924133,22.68588168113975
609,114.37556104726318,22.746567404014844
610,114.27541699777645,22.734359438879828
611,114.04041729756187,22.626349079352597
612,114.00833472622372,22.753819420547003
613,114.24236875243109,22.56125081565301
614,114.22681701005571,22.569341550638292
615,114.31012263194218,22.61414852169456
616,114.32863884542385,22.611787282323313
617,114.29914662289998,22.595523159213162
618,114.29637944347726,22.615111027702234
619,114.22824485818863,22.546200155050574
620,114.22840047640285,22.553635284476396
621,114.22261997472329,22.554874052565566
622,114.22680141477882,22.550592699924973
623,114.21154371433678,22.566410287054293
624,114.26032354606596,22.6129468852677
625,114.23958562139116,22.600621291322575
626,114.24628333388168,22.592198840209853
627,114.25483136325775,22.58637726029337
628,114.26723977165427,22.57712587342954
629,114.2897299020296,22.584395301824266
630,113.93046928237483,22.503278549297484
631,114.01096950536905,22.55676470488821
632,114.04147871610145,22.697308043061952
633,114.05843733315965,22.687691276521395
634,114.03257690294286,22.618887745988154
635,114.03536342512015,22.672329515472146
636,114.00822528560734,22.668952342295093
637,113.97937077948528,22.70365857691946
638,113.9956651317824,22.639370705114423
639,114.07953963676587,22.731057017655736
640,113.9051044143701,22.76835975445819
641,113.88710464114625,22.763247892107028
642,113.89789009659351,22.762341715477916
643,114.12736414464524,22.584085964082178
644,114.24115286766822,22.58320531533509
645,114.03809350450211,22.649569915415668
646,113.78741743581703,22.736456288540946
647,113.79004882235846,22.739642729145352
648,113.80228004686046,22.739779436917644
649,114.02908299769433,22.747759941421908
650,114.01989393680151,22.72902064485839
651,114.05308629722981,22.59957696356601
652,114.03315125931144,22.60655593974805
653,114.32771562531688,22.639148962670117
