scenario,window,run_id,evaluation_protocol,evaluation_rng_snapshot,rmse_global_run,rmse_local_day2_run,C_I,N_test,N_iso,C_Q,score,log_score,score_overflow,legacy_ensemble_rmse,rl_window,checkpoint_sha256,actor_sha256,state_norm_sha256
high,3,0,f858_historical_rng_aligned,C:\Users\Asus\PycharmProjects\UNCERTAIN_EPC_RL_V3\revision_outputs\revision_v8_historical_eval_aligned_window_ablation\rng_snapshots\high_pre_decoupled_eval_rng.pkl,21.10890801522434,0.022002778177152557,558.069580078125,4612839.0,530.6874389648438,58191.17578125,6.64357495097699,1.8936502148365666,False,19.718520893726144,3,691d58e2f851aa47ac296408da97f0998053ea407b63d0c765de01fa2e2f4a55,be7de516b96323cbcbb9766ddc8eb0f6a1e5ec02bf6a0b0cf4761dc48b6a4cd3,631cf9dc2fd297d503022cb939793429663b550dbd8ddc9e6fe1cacb53541501
high,3,1,f858_historical_rng_aligned,C:\Users\Asus\PycharmProjects\UNCERTAIN_EPC_RL_V3\revision_outputs\revision_v8_historical_eval_aligned_window_ablation\rng_snapshots\high_pre_decoupled_eval_rng.pkl,20.88670893993161,0.027261375879085337,569.35595703125,4538587.5,539.370361328125,57271.71484375,6.515947751250282,1.874252672176386,False,19.718520893726144,3,691d58e2f851aa47ac296408da97f0998053ea407b63d0c765de01fa2e2f4a55,be7de516b96323cbcbb9766ddc8eb0f6a1e5ec02bf6a0b0cf4761dc48b6a4cd3,631cf9dc2fd297d503022cb939793429663b550dbd8ddc9e6fe1cacb53541501
high,3,2,f858_historical_rng_aligned,C:\Users\Asus\PycharmProjects\UNCERTAIN_EPC_RL_V3\revision_outputs\revision_v8_historical_eval_aligned_window_ablation\rng_snapshots\high_pre_decoupled_eval_rng.pkl,20.100652777682146,0.026369398469198668,550.478515625,4491026.5,521.3025512695312,56659.1328125,6.412117421654903,1.8581895473767134,False,19.718520893726144,3,691d58e2f851aa47ac296408da97f0998053ea407b63d0c765de01fa2e2f4a55,be7de516b96323cbcbb9766ddc8eb0f6a1e5ec02bf6a0b0cf4761dc48b6a4cd3,631cf9dc2fd297d503022cb939793429663b550dbd8ddc9e6fe1cacb53541501
high,3,3,f858_historical_rng_aligned,C:\Users\Asus\PycharmProjects\UNCERTAIN_EPC_RL_V3\revision_outputs\revision_v8_historical_eval_aligned_window_ablation\rng_snapshots\high_pre_decoupled_eval_rng.pkl,21.908885519545738,0.02712202850696872,551.8118896484375,4837294.5,528.0032958984375,60994.18359375,7.07768078075121,1.9569462807015376,False,19.718520893726144,3,691d58e2f851aa47ac296408da97f0998053ea407b63d0c765de01fa2e2f4a55,be7de516b96323cbcbb9766ddc8eb0f6a1e5ec02bf6a0b0cf4761dc48b6a4cd3,631cf9dc2fd297d503022cb939793429663b550dbd8ddc9e6fe1cacb53541501
high,3,4,f858_historical_rng_aligned,C:\Users\Asus\PycharmProjects\UNCERTAIN_EPC_RL_V3\revision_outputs\revision_v8_historical_eval_aligned_window_ablation\rng_snapshots\high_pre_decoupled_eval_rng.pkl,21.03325912668519,0.02352349042289262,564.7734375,4719684.5,534.397705078125,59530.453125,6.854230457760019,1.9248660467214087,False,19.718520893726144,3,691d58e2f851aa47ac296408da97f0998053ea407b63d0c765de01fa2e2f4a55,be7de516b96323cbcbb9766ddc8eb0f6a1e5ec02bf6a0b0cf4761dc48b6a4cd3,631cf9dc2fd297d503022cb939793429663b550dbd8ddc9e6fe1cacb53541501
high,3,5,f858_historical_rng_aligned,C:\Users\Asus\PycharmProjects\UNCERTAIN_EPC_RL_V3\revision_outputs\revision_v8_historical_eval_aligned_window_ablation\rng_snapshots\high_pre_decoupled_eval_rng.pkl,20.70933792499776,0.027666236376755172,548.9548950195312,4392596.0,522.4736328125,55429.921875,6.236993090974787,1.8304981897952217,False,19.718520893726144,3,691d58e2f851aa47ac296408da97f0998053ea407b63d0c765de01fa2e2f4a55,be7de516b96323cbcbb9766ddc8eb0f6a1e5ec02bf6a0b0cf4761dc48b6a4cd3,631cf9dc2fd297d503022cb939793429663b550dbd8ddc9e6fe1cacb53541501
high,3,6,f858_historical_rng_aligned,C:\Users\Asus\PycharmProjects\UNCERTAIN_EPC_RL_V3\revision_outputs\revision_v8_historical_eval_aligned_window_ablation\rng_snapshots\high_pre_decoupled_eval_rng.pkl,20.618457927981687,0.025110553064825427,544.0677490234375,4404080.0,518.53564453125,55569.53515625,6.2526288561310555,1.8330019922947538,False,19.718520893726144,3,691d58e2f851aa47ac296408da97f0998053ea407b63d0c765de01fa2e2f4a55,be7de516b96323cbcbb9766ddc8eb0f6a1e5ec02bf6a0b0cf4761dc48b6a4cd3,631cf9dc2fd297d503022cb939793429663b550dbd8ddc9e6fe1cacb53541501
high,3,7,f858_historical_rng_aligned,C:\Users\Asus\PycharmProjects\UNCERTAIN_EPC_RL_V3\revision_outputs\revision_v8_historical_eval_aligned_window_ablation\rng_snapshots\high_pre_decoupled_eval_rng.pkl,21.41156641343269,0.024443990365535337,551.6273193359375,4416781.5,525.2496948242188,55735.01953125,6.281686316723093,1.837638466205782,False,19.718520893726144,3,691d58e2f851aa47ac296408da97f0998053ea407b63d0c765de01fa2e2f4a55,be7de516b96323cbcbb9766ddc8eb0f6a1e5ec02bf6a0b0cf4761dc48b6a4cd3,631cf9dc2fd297d503022cb939793429663b550dbd8ddc9e6fe1cacb53541501
high,3,8,f858_historical_rng_aligned,C:\Users\Asus\PycharmProjects\UNCERTAIN_EPC_RL_V3\revision_outputs\revision_v8_historical_eval_aligned_window_ablation\rng_snapshots\high_pre_decoupled_eval_rng.pkl,22.80519903811871,0.027380409565750857,578.2118530273438,4743578.5,549.8812255859375,59844.61328125,6.914192301399969,1.9335761544479064,False,19.718520893726144,3,691d58e2f851aa47ac296408da97f0998053ea407b63d0c765de01fa2e2f4a55,be7de516b96323cbcbb9766ddc8eb0f6a1e5ec02bf6a0b0cf4761dc48b6a4cd3,631cf9dc2fd297d503022cb939793429663b550dbd8ddc9e6fe1cacb53541501
high,3,9,f858_historical_rng_aligned,C:\Users\Asus\PycharmProjects\UNCERTAIN_EPC_RL_V3\revision_outputs\revision_v8_historical_eval_aligned_window_ablation\rng_snapshots\high_pre_decoupled_eval_rng.pkl,21.907307894325275,0.028502989816256527,560.5440673828125,4729679.5,534.217529296875,59655.2109375,6.870434287998627,1.9272273193743479,False,19.718520893726144,3,691d58e2f851aa47ac296408da97f0998053ea407b63d0c765de01fa2e2f4a55,be7de516b96323cbcbb9766ddc8eb0f6a1e5ec02bf6a0b0cf4761dc48b6a4cd3,631cf9dc2fd297d503022cb939793429663b550dbd8ddc9e6fe1cacb53541501
high,3,10,f858_historical_rng_aligned,C:\Users\Asus\PycharmProjects\UNCERTAIN_EPC_RL_V3\revision_outputs\revision_v8_historical_eval_aligned_window_ablation\rng_snapshots\high_pre_decoupled_eval_rng.pkl,21.115698637536457,0.024452580861206528,538.2821044921875,4500193.5,508.31103515625,56760.73046875,6.4172629092584295,1.8589916886721936,False,19.718520893726144,3,691d58e2f851aa47ac296408da97f0998053ea407b63d0c765de01fa2e2f4a55,be7de516b96323cbcbb9766ddc8eb0f6a1e5ec02bf6a0b0cf4761dc48b6a4cd3,631cf9dc2fd297d503022cb939793429663b550dbd8ddc9e6fe1cacb53541501
high,3,11,f858_historical_rng_aligned,C:\Users\Asus\PycharmProjects\UNCERTAIN_EPC_RL_V3\revision_outputs\revision_v8_historical_eval_aligned_window_ablation\rng_snapshots\high_pre_decoupled_eval_rng.pkl,20.401339440482012,0.027252588218604407,536.3453369140625,4283599.5,512.069091796875,54057.0625,6.039998053064221,1.798403689606311,False,19.718520893726144,3,691d58e2f851aa47ac296408da97f0998053ea407b63d0c765de01fa2e2f4a55,be7de516b96323cbcbb9766ddc8eb0f6a1e5ec02bf6a0b0cf4761dc48b6a4cd3,631cf9dc2fd297d503022cb939793429663b550dbd8ddc9e6fe1cacb53541501
high,3,12,f858_historical_rng_aligned,C:\Users\Asus\PycharmProjects\UNCERTAIN_EPC_RL_V3\revision_outputs\revision_v8_historical_eval_aligned_window_ablation\rng_snapshots\high_pre_decoupled_eval_rng.pkl,20.732483410183193,0.023641996635332955,537.9500732421875,4395209.0,515.219482421875,55455.33203125,6.231954820340948,1.829690058917802,False,19.718520893726144,3,691d58e2f851aa47ac296408da97f0998053ea407b63d0c765de01fa2e2f4a55,be7de516b96323cbcbb9766ddc8eb0f6a1e5ec02bf6a0b0cf4761dc48b6a4cd3,631cf9dc2fd297d503022cb939793429663b550dbd8ddc9e6fe1cacb53541501
high,3,13,f858_historical_rng_aligned,C:\Users\Asus\PycharmProjects\UNCERTAIN_EPC_RL_V3\revision_outputs\revision_v8_historical_eval_aligned_window_ablation\rng_snapshots\high_pre_decoupled_eval_rng.pkl,20.165458501877342,0.0249213344378789,553.1483154296875,4338509.0,521.611328125,54752.9765625,6.147061234543188,1.8159741195709096,False,19.718520893726144,3,691d58e2f851aa47ac296408da97f0998053ea407b63d0c765de01fa2e2f4a55,be7de516b96323cbcbb9766ddc8eb0f6a1e5ec02bf6a0b0cf4761dc48b6a4cd3,631cf9dc2fd297d503022cb939793429663b550dbd8ddc9e6fe1cacb53541501
high,3,14,f858_historical_rng_aligned,C:\Users\Asus\PycharmProjects\UNCERTAIN_EPC_RL_V3\revision_outputs\revision_v8_historical_eval_aligned_window_ablation\rng_snapshots\high_pre_decoupled_eval_rng.pkl,20.37402052822014,0.026144002596249116,525.6825561523438,4235832.0,501.5431213378906,53449.44140625,5.951221117158255,1.7835964282752859,False,19.718520893726144,3,691d58e2f851aa47ac296408da97f0998053ea407b63d0c765de01fa2e2f4a55,be7de516b96323cbcbb9766ddc8eb0f6a1e5ec02bf6a0b0cf4761dc48b6a4cd3,631cf9dc2fd297d503022cb939793429663b550dbd8ddc9e6fe1cacb53541501
high,3,15,f858_historical_rng_aligned,C:\Users\Asus\PycharmProjects\UNCERTAIN_EPC_RL_V3\revision_outputs\revision_v8_historical_eval_aligned_window_ablation\rng_snapshots\high_pre_decoupled_eval_rng.pkl,20.518396917205077,0.029300296445097754,567.0203857421875,4491498.0,538.2408447265625,56681.96875,6.428405422494343,1.8607265172140361,False,19.718520893726144,3,691d58e2f851aa47ac296408da97f0998053ea407b63d0c765de01fa2e2f4a55,be7de516b96323cbcbb9766ddc8eb0f6a1e5ec02bf6a0b0cf4761dc48b6a4cd3,631cf9dc2fd297d503022cb939793429663b550dbd8ddc9e6fe1cacb53541501
high,3,16,f858_historical_rng_aligned,C:\Users\Asus\PycharmProjects\UNCERTAIN_EPC_RL_V3\revision_outputs\revision_v8_historical_eval_aligned_window_ablation\rng_snapshots\high_pre_decoupled_eval_rng.pkl,21.14257145687478,0.0272952797865358,543.9208984375,4401103.0,518.85205078125,55532.640625,6.247367165639187,1.8321601214983998,False,19.718520893726144,3,691d58e2f851aa47ac296408da97f0998053ea407b63d0c765de01fa2e2f4a55,be7de516b96323cbcbb9766ddc8eb0f6a1e5ec02bf6a0b0cf4761dc48b6a4cd3,631cf9dc2fd297d503022cb939793429663b550dbd8ddc9e6fe1cacb53541501
high,3,17,f858_historical_rng_aligned,C:\Users\Asus\PycharmProjects\UNCERTAIN_EPC_RL_V3\revision_outputs\revision_v8_historical_eval_aligned_window_ablation\rng_snapshots\high_pre_decoupled_eval_rng.pkl,20.680476426550456,0.026727609118558055,540.2798461914062,4566001.5,514.7374267578125,57589.7578125,6.539968752523636,1.8779323875561085,False,19.718520893726144,3,691d58e2f851aa47ac296408da97f0998053ea407b63d0c765de01fa2e2f4a55,be7de516b96323cbcbb9766ddc8eb0f6a1e5ec02bf6a0b0cf4761dc48b6a4cd3,631cf9dc2fd297d503022cb939793429663b550dbd8ddc9e6fe1cacb53541501
high,3,18,f858_historical_rng_aligned,C:\Users\Asus\PycharmProjects\UNCERTAIN_EPC_RL_V3\revision_outputs\revision_v8_historical_eval_aligned_window_ablation\rng_snapshots\high_pre_decoupled_eval_rng.pkl,19.713682613819728,0.02459435109403355,569.9495849609375,4259653.0,535.8668823242188,53781.53125,6.0296300708429404,1.796685660738306,False,19.718520893726144,3,691d58e2f851aa47ac296408da97f0998053ea407b63d0c765de01fa2e2f4a55,be7de516b96323cbcbb9766ddc8eb0f6a1e5ec02bf6a0b0cf4761dc48b6a4cd3,631cf9dc2fd297d503022cb939793429663b550dbd8ddc9e6fe1cacb53541501
high,3,19,f858_historical_rng_aligned,C:\Users\Asus\PycharmProjects\UNCERTAIN_EPC_RL_V3\revision_outputs\revision_v8_historical_eval_aligned_window_ablation\rng_snapshots\high_pre_decoupled_eval_rng.pkl,20.322548230977624,0.024588057325781464,570.0498657226562,4521525.0,537.4085693359375,57056.47265625,6.485051825204214,1.8694998092868549,False,19.718520893726144,3,691d58e2f851aa47ac296408da97f0998053ea407b63d0c765de01fa2e2f4a55,be7de516b96323cbcbb9766ddc8eb0f6a1e5ec02bf6a0b0cf4761dc48b6a4cd3,631cf9dc2fd297d503022cb939793429663b550dbd8ddc9e6fe1cacb53541501
high,3,20,f858_historical_rng_aligned,C:\Users\Asus\PycharmProjects\UNCERTAIN_EPC_RL_V3\revision_outputs\revision_v8_historical_eval_aligned_window_ablation\rng_snapshots\high_pre_decoupled_eval_rng.pkl,21.165181092788462,0.02752720349532174,576.1133422851562,4812262.0,549.3740234375,60702.6484375,7.049518555498307,1.9529593244920689,False,19.718520893726144,3,691d58e2f851aa47ac296408da97f0998053ea407b63d0c765de01fa2e2f4a55,be7de516b96323cbcbb9766ddc8eb0f6a1e5ec02bf6a0b0cf4761dc48b6a4cd3,631cf9dc2fd297d503022cb939793429663b550dbd8ddc9e6fe1cacb53541501
high,3,21,f858_historical_rng_aligned,C:\Users\Asus\PycharmProjects\UNCERTAIN_EPC_RL_V3\revision_outputs\revision_v8_historical_eval_aligned_window_ablation\rng_snapshots\high_pre_decoupled_eval_rng.pkl,20.493775794840897,0.027562478018452494,546.6468505859375,4485235.0,521.8424072265625,56587.28125,6.398788113610685,1.8561086151869484,False,19.718520893726144,3,691d58e2f851aa47ac296408da97f0998053ea407b63d0c765de01fa2e2f4a55,be7de516b96323cbcbb9766ddc8eb0f6a1e5ec02bf6a0b0cf4761dc48b6a4cd3,631cf9dc2fd297d503022cb939793429663b550dbd8ddc9e6fe1cacb53541501
high,3,22,f858_historical_rng_aligned,C:\Users\Asus\PycharmProjects\UNCERTAIN_EPC_RL_V3\revision_outputs\revision_v8_historical_eval_aligned_window_ablation\rng_snapshots\high_pre_decoupled_eval_rng.pkl,21.827358004753094,0.027119565849320328,532.7261962890625,4571445.5,511.54150390625,57654.61328125,6.543707489968938,1.8785038993357905,False,19.718520893726144,3,691d58e2f851aa47ac296408da97f0998053ea407b63d0c765de01fa2e2f4a55,be7de516b96323cbcbb9766ddc8eb0f6a1e5ec02bf6a0b0cf4761dc48b6a4cd3,631cf9dc2fd297d503022cb939793429663b550dbd8ddc9e6fe1cacb53541501
high,3,23,f858_historical_rng_aligned,C:\Users\Asus\PycharmProjects\UNCERTAIN_EPC_RL_V3\revision_outputs\revision_v8_historical_eval_aligned_window_ablation\rng_snapshots\high_pre_decoupled_eval_rng.pkl,20.77704438087863,0.02476110960644625,548.5406494140625,4532126.5,518.5704345703125,57170.15234375,6.484727890957812,1.8694498571282896,False,19.718520893726144,3,691d58e2f851aa47ac296408da97f0998053ea407b63d0c765de01fa2e2f4a55,be7de516b96323cbcbb9766ddc8eb0f6a1e5ec02bf6a0b0cf4761dc48b6a4cd3,631cf9dc2fd297d503022cb939793429663b550dbd8ddc9e6fe1cacb53541501
high,3,24,f858_historical_rng_aligned,C:\Users\Asus\PycharmProjects\UNCERTAIN_EPC_RL_V3\revision_outputs\revision_v8_historical_eval_aligned_window_ablation\rng_snapshots\high_pre_decoupled_eval_rng.pkl,19.564460616026786,0.024719130442686952,539.9189453125,4090094.25,510.4713134765625,51636.65234375,5.730127157277121,1.7457377219773003,False,19.718520893726144,3,691d58e2f851aa47ac296408da97f0998053ea407b63d0c765de01fa2e2f4a55,be7de516b96323cbcbb9766ddc8eb0f6a1e5ec02bf6a0b0cf4761dc48b6a4cd3,631cf9dc2fd297d503022cb939793429663b550dbd8ddc9e6fe1cacb53541501
high,3,25,f858_historical_rng_aligned,C:\Users\Asus\PycharmProjects\UNCERTAIN_EPC_RL_V3\revision_outputs\revision_v8_historical_eval_aligned_window_ablation\rng_snapshots\high_pre_decoupled_eval_rng.pkl,21.090927738927697,0.025161152385406324,570.7227172851562,4428380.0,542.3972778320312,55897.1484375,6.319503210218341,1.8436405990910436,False,19.718520893726144,3,691d58e2f851aa47ac296408da97f0998053ea407b63d0c765de01fa2e2f4a55,be7de516b96323cbcbb9766ddc8eb0f6a1e5ec02bf6a0b0cf4761dc48b6a4cd3,631cf9dc2fd297d503022cb939793429663b550dbd8ddc9e6fe1cacb53541501
high,3,26,f858_historical_rng_aligned,C:\Users\Asus\PycharmProjects\UNCERTAIN_EPC_RL_V3\revision_outputs\revision_v8_historical_eval_aligned_window_ablation\rng_snapshots\high_pre_decoupled_eval_rng.pkl,19.922555601425454,0.02438703028692681,559.4857177734375,4336059.5,523.732421875,54724.4765625,6.148149293051091,1.8161511085713502,False,19.718520893726144,3,691d58e2f851aa47ac296408da97f0998053ea407b63d0c765de01fa2e2f4a55,be7de516b96323cbcbb9766ddc8eb0f6a1e5ec02bf6a0b0cf4761dc48b6a4cd3,631cf9dc2fd297d503022cb939793429663b550dbd8ddc9e6fe1cacb53541501
high,3,27,f858_historical_rng_aligned,C:\Users\Asus\PycharmProjects\UNCERTAIN_EPC_RL_V3\revision_outputs\revision_v8_historical_eval_aligned_window_ablation\rng_snapshots\high_pre_decoupled_eval_rng.pkl,20.865923538600303,0.02571347437367951,526.988037109375,4541718.0,504.17083740234375,57275.6484375,6.483431321392333,1.869249895121567,False,19.718520893726144,3,691d58e2f851aa47ac296408da97f0998053ea407b63d0c765de01fa2e2f4a55,be7de516b96323cbcbb9766ddc8eb0f6a1e5ec02bf6a0b0cf4761dc48b6a4cd3,631cf9dc2fd297d503022cb939793429663b550dbd8ddc9e6fe1cacb53541501
high,3,28,f858_historical_rng_aligned,C:\Users\Asus\PycharmProjects\UNCERTAIN_EPC_RL_V3\revision_outputs\revision_v8_historical_eval_aligned_window_ablation\rng_snapshots\high_pre_decoupled_eval_rng.pkl,21.009391671433118,0.028107580120342836,540.3267211914062,4449903.0,516.517578125,56140.3046875,6.33004132265227,1.8453067641999066,False,19.718520893726144,3,691d58e2f851aa47ac296408da97f0998053ea407b63d0c765de01fa2e2f4a55,be7de516b96323cbcbb9766ddc8eb0f6a1e5ec02bf6a0b0cf4761dc48b6a4cd3,631cf9dc2fd297d503022cb939793429663b550dbd8ddc9e6fe1cacb53541501
high,3,29,f858_historical_rng_aligned,C:\Users\Asus\PycharmProjects\UNCERTAIN_EPC_RL_V3\revision_outputs\revision_v8_historical_eval_aligned_window_ablation\rng_snapshots\high_pre_decoupled_eval_rng.pkl,20.39982857456588,0.026243353629222737,541.361572265625,4397172.0,515.373291015625,55480.0234375,6.2380430684243775,1.8306665223657497,False,19.718520893726144,3,691d58e2f851aa47ac296408da97f0998053ea407b63d0c765de01fa2e2f4a55,be7de516b96323cbcbb9766ddc8eb0f6a1e5ec02bf6a0b0cf4761dc48b6a4cd3,631cf9dc2fd297d503022cb939793429663b550dbd8ddc9e6fe1cacb53541501
high,3,30,f858_historical_rng_aligned,C:\Users\Asus\PycharmProjects\UNCERTAIN_EPC_RL_V3\revision_outputs\revision_v8_historical_eval_aligned_window_ablation\rng_snapshots\high_pre_decoupled_eval_rng.pkl,20.884914735180843,0.024999175469597176,533.49267578125,4292929.0,508.1448974609375,54169.7578125,6.052876801966229,1.8005336634835587,False,19.718520893726144,3,691d58e2f851aa47ac296408da97f0998053ea407b63d0c765de01fa2e2f4a55,be7de516b96323cbcbb9766ddc8eb0f6a1e5ec02bf6a0b0cf4761dc48b6a4cd3,631cf9dc2fd297d503022cb939793429663b550dbd8ddc9e6fe1cacb53541501
high,3,31,f858_historical_rng_aligned,C:\Users\Asus\PycharmProjects\UNCERTAIN_EPC_RL_V3\revision_outputs\revision_v8_historical_eval_aligned_window_ablation\rng_snapshots\high_pre_decoupled_eval_rng.pkl,22.45881004929863,0.02672861588319391,551.90478515625,4860444.0,526.7049560546875,61282.25390625,7.12489499542585,1.9635949885620252,False,19.718520893726144,3,691d58e2f851aa47ac296408da97f0998053ea407b63d0c765de01fa2e2f4a55,be7de516b96323cbcbb9766ddc8eb0f6a1e5ec02bf6a0b0cf4761dc48b6a4cd3,631cf9dc2fd297d503022cb939793429663b550dbd8ddc9e6fe1cacb53541501
high,3,32,f858_historical_rng_aligned,C:\Users\Asus\PycharmProjects\UNCERTAIN_EPC_RL_V3\revision_outputs\revision_v8_historical_eval_aligned_window_ablation\rng_snapshots\high_pre_decoupled_eval_rng.pkl,20.005259445514223,0.026676821687086967,562.9819946289062,4170928.5,533.9517211914062,52670.55859375,5.879086096157566,1.7714013240071473,False,19.718520893726144,3,691d58e2f851aa47ac296408da97f0998053ea407b63d0c765de01fa2e2f4a55,be7de516b96323cbcbb9766ddc8eb0f6a1e5ec02bf6a0b0cf4761dc48b6a4cd3,631cf9dc2fd297d503022cb939793429663b550dbd8ddc9e6fe1cacb53541501
high,3,33,f858_historical_rng_aligned,C:\Users\Asus\PycharmProjects\UNCERTAIN_EPC_RL_V3\revision_outputs\revision_v8_historical_eval_aligned_window_ablation\rng_snapshots\high_pre_decoupled_eval_rng.pkl,20.377314361528192,0.027071585219397946,545.7811889648438,4615994.0,516.3214111328125,58216.24609375,6.637729170274557,1.892769912567065,False,19.718520893726144,3,691d58e2f851aa47ac296408da97f0998053ea407b63d0c765de01fa2e2f4a55,be7de516b96323cbcbb9766ddc8eb0f6a1e5ec02bf6a0b0cf4761dc48b6a4cd3,631cf9dc2fd297d503022cb939793429663b550dbd8ddc9e6fe1cacb53541501
high,3,34,f858_historical_rng_aligned,C:\Users\Asus\PycharmProjects\UNCERTAIN_EPC_RL_V3\revision_outputs\revision_v8_historical_eval_aligned_window_ablation\rng_snapshots\high_pre_decoupled_eval_rng.pkl,20.841842289668584,0.030535133519633936,557.148193359375,4520603.0,532.9462890625,57040.484375,6.472557569116654,1.8675713270214056,False,19.718520893726144,3,691d58e2f851aa47ac296408da97f0998053ea407b63d0c765de01fa2e2f4a55,be7de516b96323cbcbb9766ddc8eb0f6a1e5ec02bf6a0b0cf4761dc48b6a4cd3,631cf9dc2fd297d503022cb939793429663b550dbd8ddc9e6fe1cacb53541501
high,3,35,f858_historical_rng_aligned,C:\Users\Asus\PycharmProjects\UNCERTAIN_EPC_RL_V3\revision_outputs\revision_v8_historical_eval_aligned_window_ablation\rng_snapshots\high_pre_decoupled_eval_rng.pkl,20.17917015293934,0.025953123706499936,542.149658203125,4354909.0,516.8770141601562,54953.2421875,6.165861444976595,1.8190278584000354,False,19.718520893726144,3,691d58e2f851aa47ac296408da97f0998053ea407b63d0c765de01fa2e2f4a55,be7de516b96323cbcbb9766ddc8eb0f6a1e5ec02bf6a0b0cf4761dc48b6a4cd3,631cf9dc2fd297d503022cb939793429663b550dbd8ddc9e6fe1cacb53541501
high,3,36,f858_historical_rng_aligned,C:\Users\Asus\PycharmProjects\UNCERTAIN_EPC_RL_V3\revision_outputs\revision_v8_historical_eval_aligned_window_ablation\rng_snapshots\high_pre_decoupled_eval_rng.pkl,21.275994921847143,0.026965603547600647,556.4807739257812,4854905.0,529.0487060546875,61215.359375,7.117499844063533,1.9625565182611735,False,19.718520893726144,3,691d58e2f851aa47ac296408da97f0998053ea407b63d0c765de01fa2e2f4a55,be7de516b96323cbcbb9766ddc8eb0f6a1e5ec02bf6a0b0cf4761dc48b6a4cd3,631cf9dc2fd297d503022cb939793429663b550dbd8ddc9e6fe1cacb53541501
high,3,37,f858_historical_rng_aligned,C:\Users\Asus\PycharmProjects\UNCERTAIN_EPC_RL_V3\revision_outputs\revision_v8_historical_eval_aligned_window_ablation\rng_snapshots\high_pre_decoupled_eval_rng.pkl,19.576509873579504,0.025061007433685185,548.0494995117188,4226471.0,516.9669799804688,53347.85546875,5.9552511420299785,1.7842733752227768,False,19.718520893726144,3,691d58e2f851aa47ac296408da97f0998053ea407b63d0c765de01fa2e2f4a55,be7de516b96323cbcbb9766ddc8eb0f6a1e5ec02bf6a0b0cf4761dc48b6a4cd3,631cf9dc2fd297d503022cb939793429663b550dbd8ddc9e6fe1cacb53541501
high,3,38,f858_historical_rng_aligned,C:\Users\Asus\PycharmProjects\UNCERTAIN_EPC_RL_V3\revision_outputs\revision_v8_historical_eval_aligned_window_ablation\rng_snapshots\high_pre_decoupled_eval_rng.pkl,21.435571717716694,0.02500418238267244,573.7623291015625,4745969.5,541.3782348632812,59865.99609375,6.914034612546024,1.933553347640507,False,19.718520893726144,3,691d58e2f851aa47ac296408da97f0998053ea407b63d0c765de01fa2e2f4a55,be7de516b96323cbcbb9766ddc8eb0f6a1e5ec02bf6a0b0cf4761dc48b6a4cd3,631cf9dc2fd297d503022cb939793429663b550dbd8ddc9e6fe1cacb53541501
high,3,39,f858_historical_rng_aligned,C:\Users\Asus\PycharmProjects\UNCERTAIN_EPC_RL_V3\revision_outputs\revision_v8_historical_eval_aligned_window_ablation\rng_snapshots\high_pre_decoupled_eval_rng.pkl,20.434795869802077,0.026247631943957603,570.6480712890625,4539032.5,541.7197265625,57279.625,6.5181289136209735,1.8745873583144428,False,19.718520893726144,3,691d58e2f851aa47ac296408da97f0998053ea407b63d0c765de01fa2e2f4a55,be7de516b96323cbcbb9766ddc8eb0f6a1e5ec02bf6a0b0cf4761dc48b6a4cd3,631cf9dc2fd297d503022cb939793429663b550dbd8ddc9e6fe1cacb53541501
high,3,40,f858_historical_rng_aligned,C:\Users\Asus\PycharmProjects\UNCERTAIN_EPC_RL_V3\revision_outputs\revision_v8_historical_eval_aligned_window_ablation\rng_snapshots\high_pre_decoupled_eval_rng.pkl,19.924741108256633,0.0287489780127315,579.65234375,4148876.25,545.1834716796875,52406.13671875,5.858430689555865,1.7678817673068985,False,19.718520893726144,3,691d58e2f851aa47ac296408da97f0998053ea407b63d0c765de01fa2e2f4a55,be7de516b96323cbcbb9766ddc8eb0f6a1e5ec02bf6a0b0cf4761dc48b6a4cd3,631cf9dc2fd297d503022cb939793429663b550dbd8ddc9e6fe1cacb53541501
high,3,41,f858_historical_rng_aligned,C:\Users\Asus\PycharmProjects\UNCERTAIN_EPC_RL_V3\revision_outputs\revision_v8_historical_eval_aligned_window_ablation\rng_snapshots\high_pre_decoupled_eval_rng.pkl,20.198659964248048,0.02939885225827254,543.182861328125,4395836.5,515.8065795898438,55463.76171875,6.237197232616203,1.8305309200384101,False,19.718520893726144,3,691d58e2f851aa47ac296408da97f0998053ea407b63d0c765de01fa2e2f4a55,be7de516b96323cbcbb9766ddc8eb0f6a1e5ec02bf6a0b0cf4761dc48b6a4cd3,631cf9dc2fd297d503022cb939793429663b550dbd8ddc9e6fe1cacb53541501
high,3,42,f858_historical_rng_aligned,C:\Users\Asus\PycharmProjects\UNCERTAIN_EPC_RL_V3\revision_outputs\revision_v8_historical_eval_aligned_window_ablation\rng_snapshots\high_pre_decoupled_eval_rng.pkl,21.455115069594214,0.02431064913417986,525.271484375,4669045.0,505.30169677734375,58868.36328125,6.720917772431959,1.9052247184883424,False,19.718520893726144,3,691d58e2f851aa47ac296408da97f0998053ea407b63d0c765de01fa2e2f4a55,be7de516b96323cbcbb9766ddc8eb0f6a1e5ec02bf6a0b0cf4761dc48b6a4cd3,631cf9dc2fd297d503022cb939793429663b550dbd8ddc9e6fe1cacb53541501
high,3,43,f858_historical_rng_aligned,C:\Users\Asus\PycharmProjects\UNCERTAIN_EPC_RL_V3\revision_outputs\revision_v8_historical_eval_aligned_window_ablation\rng_snapshots\high_pre_decoupled_eval_rng.pkl,19.87539731698769,0.023290600138919444,572.6396484375,4222752.5,538.5081787109375,53322.9140625,5.971325473385909,1.7869689251038963,False,19.718520893726144,3,691d58e2f851aa47ac296408da97f0998053ea407b63d0c765de01fa2e2f4a55,be7de516b96323cbcbb9766ddc8eb0f6a1e5ec02bf6a0b0cf4761dc48b6a4cd3,631cf9dc2fd297d503022cb939793429663b550dbd8ddc9e6fe1cacb53541501
high,3,44,f858_historical_rng_aligned,C:\Users\Asus\PycharmProjects\UNCERTAIN_EPC_RL_V3\revision_outputs\revision_v8_historical_eval_aligned_window_ablation\rng_snapshots\high_pre_decoupled_eval_rng.pkl,21.88530481278358,0.025735748935219276,553.6407470703125,4736902.0,523.6246337890625,59734.8984375,6.877528815727155,1.9282594036627267,False,19.718520893726144,3,691d58e2f851aa47ac296408da97f0998053ea407b63d0c765de01fa2e2f4a55,be7de516b96323cbcbb9766ddc8eb0f6a1e5ec02bf6a0b0cf4761dc48b6a4cd3,631cf9dc2fd297d503022cb939793429663b550dbd8ddc9e6fe1cacb53541501
high,3,45,f858_historical_rng_aligned,C:\Users\Asus\PycharmProjects\UNCERTAIN_EPC_RL_V3\revision_outputs\revision_v8_historical_eval_aligned_window_ablation\rng_snapshots\high_pre_decoupled_eval_rng.pkl,21.009970207908335,0.024615108517273287,548.2203369140625,4679498.5,522.58837890625,59016.3203125,6.761466728113891,1.9112398381344171,False,19.718520893726144,3,691d58e2f851aa47ac296408da97f0998053ea407b63d0c765de01fa2e2f4a55,be7de516b96323cbcbb9766ddc8eb0f6a1e5ec02bf6a0b0cf4761dc48b6a4cd3,631cf9dc2fd297d503022cb939793429663b550dbd8ddc9e6fe1cacb53541501
high,3,46,f858_historical_rng_aligned,C:\Users\Asus\PycharmProjects\UNCERTAIN_EPC_RL_V3\revision_outputs\revision_v8_historical_eval_aligned_window_ablation\rng_snapshots\high_pre_decoupled_eval_rng.pkl,21.845235566714404,0.024899701727737547,558.3450927734375,4721394.5,531.2679443359375,59548.69921875,6.85202361347969,1.924544026673053,False,19.718520893726144,3,691d58e2f851aa47ac296408da97f0998053ea407b63d0c765de01fa2e2f4a55,be7de516b96323cbcbb9766ddc8eb0f6a1e5ec02bf6a0b0cf4761dc48b6a4cd3,631cf9dc2fd297d503022cb939793429663b550dbd8ddc9e6fe1cacb53541501
high,3,47,f858_historical_rng_aligned,C:\Users\Asus\PycharmProjects\UNCERTAIN_EPC_RL_V3\revision_outputs\revision_v8_historical_eval_aligned_window_ablation\rng_snapshots\high_pre_decoupled_eval_rng.pkl,20.672562707211664,0.023977245055685666,534.787353515625,4409881.5,511.7928466796875,55635.3125,6.254606622815039,1.8333182519036495,False,19.718520893726144,3,691d58e2f851aa47ac296408da97f0998053ea407b63d0c765de01fa2e2f4a55,be7de516b96323cbcbb9766ddc8eb0f6a1e5ec02bf6a0b0cf4761dc48b6a4cd3,631cf9dc2fd297d503022cb939793429663b550dbd8ddc9e6fe1cacb53541501
high,3,48,f858_historical_rng_aligned,C:\Users\Asus\PycharmProjects\UNCERTAIN_EPC_RL_V3\revision_outputs\revision_v8_historical_eval_aligned_window_ablation\rng_snapshots\high_pre_decoupled_eval_rng.pkl,19.97472146847193,0.0253974176817975,572.5667724609375,4304394.5,539.099853515625,54344.03125,6.106912896664202,1.809421391271131,False,19.718520893726144,3,691d58e2f851aa47ac296408da97f0998053ea407b63d0c765de01fa2e2f4a55,be7de516b96323cbcbb9766ddc8eb0f6a1e5ec02bf6a0b0cf4761dc48b6a4cd3,631cf9dc2fd297d503022cb939793429663b550dbd8ddc9e6fe1cacb53541501
high,3,49,f858_historical_rng_aligned,C:\Users\Asus\PycharmProjects\UNCERTAIN_EPC_RL_V3\revision_outputs\revision_v8_historical_eval_aligned_window_ablation\rng_snapshots\high_pre_decoupled_eval_rng.pkl,20.50095198854599,0.02808923390127024,558.5716552734375,4381268.5,533.259033203125,55299.11328125,6.226375903442887,1.8287944465930586,False,19.718520893726144,3,691d58e2f851aa47ac296408da97f0998053ea407b63d0c765de01fa2e2f4a55,be7de516b96323cbcbb9766ddc8eb0f6a1e5ec02bf6a0b0cf4761dc48b6a4cd3,631cf9dc2fd297d503022cb939793429663b550dbd8ddc9e6fe1cacb53541501
high,3,50,f858_historical_rng_aligned,C:\Users\Asus\PycharmProjects\UNCERTAIN_EPC_RL_V3\revision_outputs\revision_v8_historical_eval_aligned_window_ablation\rng_snapshots\high_pre_decoupled_eval_rng.pkl,21.816823678150573,0.025836085392993133,557.4655151367188,4768598.5,533.2965087890625,60140.77734375,6.944711233226452,1.937980396252809,False,19.718520893726144,3,691d58e2f851aa47ac296408da97f0998053ea407b63d0c765de01fa2e2f4a55,be7de516b96323cbcbb9766ddc8eb0f6a1e5ec02bf6a0b0cf4761dc48b6a4cd3,631cf9dc2fd297d503022cb939793429663b550dbd8ddc9e6fe1cacb53541501
high,3,51,f858_historical_rng_aligned,C:\Users\Asus\PycharmProjects\UNCERTAIN_EPC_RL_V3\revision_outputs\revision_v8_historical_eval_aligned_window_ablation\rng_snapshots\high_pre_decoupled_eval_rng.pkl,19.685385088134964,0.024510680485787324,557.4295043945312,4197862.0,526.1514892578125,52999.42578125,5.917176662764852,1.7778594200622453,False,19.718520893726144,3,691d58e2f851aa47ac296408da97f0998053ea407b63d0c765de01fa2e2f4a55,be7de516b96323cbcbb9766ddc8eb0f6a1e5ec02bf6a0b0cf4761dc48b6a4cd3,631cf9dc2fd297d503022cb939793429663b550dbd8ddc9e6fe1cacb53541501
high,3,52,f858_historical_rng_aligned,C:\Users\Asus\PycharmProjects\UNCERTAIN_EPC_RL_V3\revision_outputs\revision_v8_historical_eval_aligned_window_ablation\rng_snapshots\high_pre_decoupled_eval_rng.pkl,20.445318867664287,0.025415232914237713,533.1517333984375,4514890.0,506.67510986328125,56942.80078125,6.43964653411535,1.862473652603037,False,19.718520893726144,3,691d58e2f851aa47ac296408da97f0998053ea407b63d0c765de01fa2e2f4a55,be7de516b96323cbcbb9766ddc8eb0f6a1e5ec02bf6a0b0cf4761dc48b6a4cd3,631cf9dc2fd297d503022cb939793429663b550dbd8ddc9e6fe1cacb53541501
high,3,53,f858_historical_rng_aligned,C:\Users\Asus\PycharmProjects\UNCERTAIN_EPC_RL_V3\revision_outputs\revision_v8_historical_eval_aligned_window_ablation\rng_snapshots\high_pre_decoupled_eval_rng.pkl,20.35593279705319,0.025644177097976662,548.0575561523438,4341454.0,512.8253173828125,54781.0,6.146902563244483,1.815948306692114,False,19.718520893726144,3,691d58e2f851aa47ac296408da97f0998053ea407b63d0c765de01fa2e2f4a55,be7de516b96323cbcbb9766ddc8eb0f6a1e5ec02bf6a0b0cf4761dc48b6a4cd3,631cf9dc2fd297d503022cb939793429663b550dbd8ddc9e6fe1cacb53541501
high,3,54,f858_historical_rng_aligned,C:\Users\Asus\PycharmProjects\UNCERTAIN_EPC_RL_V3\revision_outputs\revision_v8_historical_eval_aligned_window_ablation\rng_snapshots\high_pre_decoupled_eval_rng.pkl,21.560532489694438,0.024482536143144728,552.2520141601562,4633742.0,526.810302734375,58448.58203125,6.677879064920114,1.8988004318816103,False,19.718520893726144,3,691d58e2f851aa47ac296408da97f0998053ea407b63d0c765de01fa2e2f4a55,be7de516b96323cbcbb9766ddc8eb0f6a1e5ec02bf6a0b0cf4761dc48b6a4cd3,631cf9dc2fd297d503022cb939793429663b550dbd8ddc9e6fe1cacb53541501
high,3,55,f858_historical_rng_aligned,C:\Users\Asus\PycharmProjects\UNCERTAIN_EPC_RL_V3\revision_outputs\revision_v8_historical_eval_aligned_window_ablation\rng_snapshots\high_pre_decoupled_eval_rng.pkl,21.680684471746915,0.02632262032907847,567.3223266601562,4604021.0,539.398193359375,58089.66015625,6.6356125188321835,1.8924509798506635,False,19.718520893726144,3,691d58e2f851aa47ac296408da97f0998053ea407b63d0c765de01fa2e2f4a55,be7de516b96323cbcbb9766ddc8eb0f6a1e5ec02bf6a0b0cf4761dc48b6a4cd3,631cf9dc2fd297d503022cb939793429663b550dbd8ddc9e6fe1cacb53541501
high,3,56,f858_historical_rng_aligned,C:\Users\Asus\PycharmProjects\UNCERTAIN_EPC_RL_V3\revision_outputs\revision_v8_historical_eval_aligned_window_ablation\rng_snapshots\high_pre_decoupled_eval_rng.pkl,20.06456437959684,0.024549299404672438,540.7825927734375,4290784.5,511.19012451171875,54145.99609375,6.05534916333337,1.8009420406328762,False,19.718520893726144,3,691d58e2f851aa47ac296408da97f0998053ea407b63d0c765de01fa2e2f4a55,be7de516b96323cbcbb9766ddc8eb0f6a1e5ec02bf6a0b0cf4761dc48b6a4cd3,631cf9dc2fd297d503022cb939793429663b550dbd8ddc9e6fe1cacb53541501
high,3,57,f858_historical_rng_aligned,C:\Users\Asus\PycharmProjects\UNCERTAIN_EPC_RL_V3\revision_outputs\revision_v8_historical_eval_aligned_window_ablation\rng_snapshots\high_pre_decoupled_eval_rng.pkl,20.223330462872486,0.0279369316834963,541.2379760742188,4361650.0,511.89898681640625,55032.5234375,6.176037843044678,1.820676940139693,False,19.718520893726144,3,691d58e2f851aa47ac296408da97f0998053ea407b63d0c765de01fa2e2f4a55,be7de516b96323cbcbb9766ddc8eb0f6a1e5ec02bf6a0b0cf4761dc48b6a4cd3,631cf9dc2fd297d503022cb939793429663b550dbd8ddc9e6fe1cacb53541501
high,3,58,f858_historical_rng_aligned,C:\Users\Asus\PycharmProjects\UNCERTAIN_EPC_RL_V3\revision_outputs\revision_v8_historical_eval_aligned_window_ablation\rng_snapshots\high_pre_decoupled_eval_rng.pkl,20.573257307183134,0.02691040864895836,525.149169921875,4280880.0,500.14886474609375,54011.1484375,6.025205654766091,1.795951612365317,False,19.718520893726144,3,691d58e2f851aa47ac296408da97f0998053ea407b63d0c765de01fa2e2f4a55,be7de516b96323cbcbb9766ddc8eb0f6a1e5ec02bf6a0b0cf4761dc48b6a4cd3,631cf9dc2fd297d503022cb939793429663b550dbd8ddc9e6fe1cacb53541501
high,3,59,f858_historical_rng_aligned,C:\Users\Asus\PycharmProjects\UNCERTAIN_EPC_RL_V3\revision_outputs\revision_v8_historical_eval_aligned_window_ablation\rng_snapshots\high_pre_decoupled_eval_rng.pkl,20.801212656490144,0.023342643951786285,528.9655151367188,4477100.0,504.9584045410156,56468.70703125,6.368048689273638,1.8512930944415011,False,19.718520893726144,3,691d58e2f851aa47ac296408da97f0998053ea407b63d0c765de01fa2e2f4a55,be7de516b96323cbcbb9766ddc8eb0f6a1e5ec02bf6a0b0cf4761dc48b6a4cd3,631cf9dc2fd297d503022cb939793429663b550dbd8ddc9e6fe1cacb53541501
high,3,60,f858_historical_rng_aligned,C:\Users\Asus\PycharmProjects\UNCERTAIN_EPC_RL_V3\revision_outputs\revision_v8_historical_eval_aligned_window_ablation\rng_snapshots\high_pre_decoupled_eval_rng.pkl,20.798465766380243,0.028400872574794078,565.03662109375,4524934.5,536.8064575195312,57098.484375,6.487214895469752,1.86983330077792,False,19.718520893726144,3,691d58e2f851aa47ac296408da97f0998053ea407b63d0c765de01fa2e2f4a55,be7de516b96323cbcbb9766ddc8eb0f6a1e5ec02bf6a0b0cf4761dc48b6a4cd3,631cf9dc2fd297d503022cb939793429663b550dbd8ddc9e6fe1cacb53541501
high,3,61,f858_historical_rng_aligned,C:\Users\Asus\PycharmProjects\UNCERTAIN_EPC_RL_V3\revision_outputs\revision_v8_historical_eval_aligned_window_ablation\rng_snapshots\high_pre_decoupled_eval_rng.pkl,22.11930093337135,0.025452136656621743,550.1385498046875,4888606.5,525.6895751953125,61633.2734375,7.1814827203682245,1.9715058687555673,False,19.718520893726144,3,691d58e2f851aa47ac296408da97f0998053ea407b63d0c765de01fa2e2f4a55,be7de516b96323cbcbb9766ddc8eb0f6a1e5ec02bf6a0b0cf4761dc48b6a4cd3,631cf9dc2fd297d503022cb939793429663b550dbd8ddc9e6fe1cacb53541501
high,3,62,f858_historical_rng_aligned,C:\Users\Asus\PycharmProjects\UNCERTAIN_EPC_RL_V3\revision_outputs\revision_v8_historical_eval_aligned_window_ablation\rng_snapshots\high_pre_decoupled_eval_rng.pkl,23.017582583714564,0.02693663407455453,546.400146484375,5022195.5,524.5098876953125,63301.95703125,7.462227402299144,2.0098539490463803,False,19.718520893726144,3,691d58e2f851aa47ac296408da97f0998053ea407b63d0c765de01fa2e2f4a55,be7de516b96323cbcbb9766ddc8eb0f6a1e5ec02bf6a0b0cf4761dc48b6a4cd3,631cf9dc2fd297d503022cb939793429663b550dbd8ddc9e6fe1cacb53541501
high,3,63,f858_historical_rng_aligned,C:\Users\Asus\PycharmProjects\UNCERTAIN_EPC_RL_V3\revision_outputs\revision_v8_historical_eval_aligned_window_ablation\rng_snapshots\high_pre_decoupled_eval_rng.pkl,19.8791817703233,0.02787227266052776,560.3839111328125,4307297.5,526.3543701171875,54367.57421875,6.100471616470014,1.808366082366091,False,19.718520893726144,3,691d58e2f851aa47ac296408da97f0998053ea407b63d0c765de01fa2e2f4a55,be7de516b96323cbcbb9766ddc8eb0f6a1e5ec02bf6a0b0cf4761dc48b6a4cd3,631cf9dc2fd297d503022cb939793429663b550dbd8ddc9e6fe1cacb53541501
high,3,64,f858_historical_rng_aligned,C:\Users\Asus\PycharmProjects\UNCERTAIN_EPC_RL_V3\revision_outputs\revision_v8_historical_eval_aligned_window_ablation\rng_snapshots\high_pre_decoupled_eval_rng.pkl,20.536217995793134,0.02486860126404951,556.5965576171875,4382651.0,528.69677734375,55311.83203125,6.2265869379769585,1.8288283396571878,False,19.718520893726144,3,691d58e2f851aa47ac296408da97f0998053ea407b63d0c765de01fa2e2f4a55,be7de516b96323cbcbb9766ddc8eb0f6a1e5ec02bf6a0b0cf4761dc48b6a4cd3,631cf9dc2fd297d503022cb939793429663b550dbd8ddc9e6fe1cacb53541501
high,3,65,f858_historical_rng_aligned,C:\Users\Asus\PycharmProjects\UNCERTAIN_EPC_RL_V3\revision_outputs\revision_v8_historical_eval_aligned_window_ablation\rng_snapshots\high_pre_decoupled_eval_rng.pkl,20.19761706696904,0.028583357786127816,581.0838623046875,4339316.5,545.9097900390625,54787.3671875,6.173810413646044,1.820316218392107,False,19.718520893726144,3,691d58e2f851aa47ac296408da97f0998053ea407b63d0c765de01fa2e2f4a55,be7de516b96323cbcbb9766ddc8eb0f6a1e5ec02bf6a0b0cf4761dc48b6a4cd3,631cf9dc2fd297d503022cb939793429663b550dbd8ddc9e6fe1cacb53541501
high,3,66,f858_historical_rng_aligned,C:\Users\Asus\PycharmProjects\UNCERTAIN_EPC_RL_V3\revision_outputs\revision_v8_historical_eval_aligned_window_ablation\rng_snapshots\high_pre_decoupled_eval_rng.pkl,20.33594688519255,0.02556603221787735,536.1908569335938,4429691.0,508.15118408203125,55879.2890625,6.2899339151441644,1.8389505643207764,False,19.718520893726144,3,691d58e2f851aa47ac296408da97f0998053ea407b63d0c765de01fa2e2f4a55,be7de516b96323cbcbb9766ddc8eb0f6a1e5ec02bf6a0b0cf4761dc48b6a4cd3,631cf9dc2fd297d503022cb939793429663b550dbd8ddc9e6fe1cacb53541501
high,3,67,f858_historical_rng_aligned,C:\Users\Asus\PycharmProjects\UNCERTAIN_EPC_RL_V3\revision_outputs\revision_v8_historical_eval_aligned_window_ablation\rng_snapshots\high_pre_decoupled_eval_rng.pkl,21.46206549390623,0.0302088887566186,553.2164306640625,4568362.0,527.3031005859375,57631.828125,6.556289789812638,1.8804248621335888,False,19.718520893726144,3,691d58e2f851aa47ac296408da97f0998053ea407b63d0c765de01fa2e2f4a55,be7de516b96323cbcbb9766ddc8eb0f6a1e5ec02bf6a0b0cf4761dc48b6a4cd3,631cf9dc2fd297d503022cb939793429663b550dbd8ddc9e6fe1cacb53541501
high,3,68,f858_historical_rng_aligned,C:\Users\Asus\PycharmProjects\UNCERTAIN_EPC_RL_V3\revision_outputs\revision_v8_historical_eval_aligned_window_ablation\rng_snapshots\high_pre_decoupled_eval_rng.pkl,20.995603557890508,0.024990805357859525,535.4781494140625,4436851.5,510.7124938964844,55971.35546875,6.302363608759479,1.84092473903014,False,19.718520893726144,3,691d58e2f851aa47ac296408da97f0998053ea407b63d0c765de01fa2e2f4a55,be7de516b96323cbcbb9766ddc8eb0f6a1e5ec02bf6a0b0cf4761dc48b6a4cd3,631cf9dc2fd297d503022cb939793429663b550dbd8ddc9e6fe1cacb53541501
high,3,69,f858_historical_rng_aligned,C:\Users\Asus\PycharmProjects\UNCERTAIN_EPC_RL_V3\revision_outputs\revision_v8_historical_eval_aligned_window_ablation\rng_snapshots\high_pre_decoupled_eval_rng.pkl,19.593460847027437,0.024223679415108498,561.4739379882812,4045570.5,524.623046875,51094.2578125,5.679840552472343,1.736923160591214,False,19.718520893726144,3,691d58e2f851aa47ac296408da97f0998053ea407b63d0c765de01fa2e2f4a55,be7de516b96323cbcbb9766ddc8eb0f6a1e5ec02bf6a0b0cf4761dc48b6a4cd3,631cf9dc2fd297d503022cb939793429663b550dbd8ddc9e6fe1cacb53541501
high,3,70,f858_historical_rng_aligned,C:\Users\Asus\PycharmProjects\UNCERTAIN_EPC_RL_V3\revision_outputs\revision_v8_historical_eval_aligned_window_ablation\rng_snapshots\high_pre_decoupled_eval_rng.pkl,20.736183422328374,0.02389711005025117,523.1033935546875,4427340.5,499.0673828125,55840.82421875,6.274405417865079,1.836478726403305,False,19.718520893726144,3,691d58e2f851aa47ac296408da97f0998053ea407b63d0c765de01fa2e2f4a55,be7de516b96323cbcbb9766ddc8eb0f6a1e5ec02bf6a0b0cf4761dc48b6a4cd3,631cf9dc2fd297d503022cb939793429663b550dbd8ddc9e6fe1cacb53541501
high,3,71,f858_historical_rng_aligned,C:\Users\Asus\PycharmProjects\UNCERTAIN_EPC_RL_V3\revision_outputs\revision_v8_historical_eval_aligned_window_ablation\rng_snapshots\high_pre_decoupled_eval_rng.pkl,19.63120203882288,0.024494216231299968,588.910888671875,4253564.0,545.951171875,53715.5,6.035956884460302,1.797734397815197,False,19.718520893726144,3,691d58e2f851aa47ac296408da97f0998053ea407b63d0c765de01fa2e2f4a55,be7de516b96323cbcbb9766ddc8eb0f6a1e5ec02bf6a0b0cf4761dc48b6a4cd3,631cf9dc2fd297d503022cb939793429663b550dbd8ddc9e6fe1cacb53541501
high,3,72,f858_historical_rng_aligned,C:\Users\Asus\PycharmProjects\UNCERTAIN_EPC_RL_V3\revision_outputs\revision_v8_historical_eval_aligned_window_ablation\rng_snapshots\high_pre_decoupled_eval_rng.pkl,20.201093197009154,0.023407981193814167,542.2402954101562,4377140.0,516.2094116210938,55230.4609375,6.204103820730585,1.8252109796569587,False,19.718520893726144,3,691d58e2f851aa47ac296408da97f0998053ea407b63d0c765de01fa2e2f4a55,be7de516b96323cbcbb9766ddc8eb0f6a1e5ec02bf6a0b0cf4761dc48b6a4cd3,631cf9dc2fd297d503022cb939793429663b550dbd8ddc9e6fe1cacb53541501
high,3,73,f858_historical_rng_aligned,C:\Users\Asus\PycharmProjects\UNCERTAIN_EPC_RL_V3\revision_outputs\revision_v8_historical_eval_aligned_window_ablation\rng_snapshots\high_pre_decoupled_eval_rng.pkl,21.336676677883542,0.026652769353016584,547.1995239257812,4577421.0,523.5808715820312,57741.34375,6.567824287163712,1.8821826189243749,False,19.718520893726144,3,691d58e2f851aa47ac296408da97f0998053ea407b63d0c765de01fa2e2f4a55,be7de516b96323cbcbb9766ddc8eb0f6a1e5ec02bf6a0b0cf4761dc48b6a4cd3,631cf9dc2fd297d503022cb939793429663b550dbd8ddc9e6fe1cacb53541501
high,3,74,f858_historical_rng_aligned,C:\Users\Asus\PycharmProjects\UNCERTAIN_EPC_RL_V3\revision_outputs\revision_v8_historical_eval_aligned_window_ablation\rng_snapshots\high_pre_decoupled_eval_rng.pkl,21.16705778827299,0.024919330576181047,559.1007080078125,4485329.0,531.0882568359375,56597.703125,6.41003942999391,1.8578654222387623,False,19.718520893726144,3,691d58e2f851aa47ac296408da97f0998053ea407b63d0c765de01fa2e2f4a55,be7de516b96323cbcbb9766ddc8eb0f6a1e5ec02bf6a0b0cf4761dc48b6a4cd3,631cf9dc2fd297d503022cb939793429663b550dbd8ddc9e6fe1cacb53541501
high,3,75,f858_historical_rng_aligned,C:\Users\Asus\PycharmProjects\UNCERTAIN_EPC_RL_V3\revision_outputs\revision_v8_historical_eval_aligned_window_ablation\rng_snapshots\high_pre_decoupled_eval_rng.pkl,21.668372554505826,0.02787957762481165,557.112060546875,4603276.5,531.2701416015625,58072.2265625,6.624958982432111,1.8908441805221174,False,19.718520893726144,3,691d58e2f851aa47ac296408da97f0998053ea407b63d0c765de01fa2e2f4a55,be7de516b96323cbcbb9766ddc8eb0f6a1e5ec02bf6a0b0cf4761dc48b6a4cd3,631cf9dc2fd297d503022cb939793429663b550dbd8ddc9e6fe1cacb53541501
high,3,76,f858_historical_rng_aligned,C:\Users\Asus\PycharmProjects\UNCERTAIN_EPC_RL_V3\revision_outputs\revision_v8_historical_eval_aligned_window_ablation\rng_snapshots\high_pre_decoupled_eval_rng.pkl,21.29553322819265,0.02579896372112773,528.5484619140625,4911714.0,504.93505859375,61901.359375,7.2093705391375185,1.9753816436212317,False,19.718520893726144,3,691d58e2f851aa47ac296408da97f0998053ea407b63d0c765de01fa2e2f4a55,be7de516b96323cbcbb9766ddc8eb0f6a1e5ec02bf6a0b0cf4761dc48b6a4cd3,631cf9dc2fd297d503022cb939793429663b550dbd8ddc9e6fe1cacb53541501
high,3,77,f858_historical_rng_aligned,C:\Users\Asus\PycharmProjects\UNCERTAIN_EPC_RL_V3\revision_outputs\revision_v8_historical_eval_aligned_window_ablation\rng_snapshots\high_pre_decoupled_eval_rng.pkl,20.482456563341493,0.02611676079987198,532.3456420898438,4460648.0,508.0794677734375,56266.1796875,6.341740874853752,1.8471533166963927,False,19.718520893726144,3,691d58e2f851aa47ac296408da97f0998053ea407b63d0c765de01fa2e2f4a55,be7de516b96323cbcbb9766ddc8eb0f6a1e5ec02bf6a0b0cf4761dc48b6a4cd3,631cf9dc2fd297d503022cb939793429663b550dbd8ddc9e6fe1cacb53541501
high,3,78,f858_historical_rng_aligned,C:\Users\Asus\PycharmProjects\UNCERTAIN_EPC_RL_V3\revision_outputs\revision_v8_historical_eval_aligned_window_ablation\rng_snapshots\high_pre_decoupled_eval_rng.pkl,20.173741534242414,0.027098615878687147,575.082275390625,4583160.0,540.7462158203125,57830.24609375,6.6029849621454675,1.8875218137822274,False,19.718520893726144,3,691d58e2f851aa47ac296408da97f0998053ea407b63d0c765de01fa2e2f4a55,be7de516b96323cbcbb9766ddc8eb0f6a1e5ec02bf6a0b0cf4761dc48b6a4cd3,631cf9dc2fd297d503022cb939793429663b550dbd8ddc9e6fe1cacb53541501
high,3,79,f858_historical_rng_aligned,C:\Users\Asus\PycharmProjects\UNCERTAIN_EPC_RL_V3\revision_outputs\revision_v8_historical_eval_aligned_window_ablation\rng_snapshots\high_pre_decoupled_eval_rng.pkl,22.333365765683734,0.02875641650780413,561.962890625,5011266.0,537.2939453125,63178.1171875,7.452905338165822,2.0086039346469953,False,19.718520893726144,3,691d58e2f851aa47ac296408da97f0998053ea407b63d0c765de01fa2e2f4a55,be7de516b96323cbcbb9766ddc8eb0f6a1e5ec02bf6a0b0cf4761dc48b6a4cd3,631cf9dc2fd297d503022cb939793429663b550dbd8ddc9e6fe1cacb53541501
high,3,80,f858_historical_rng_aligned,C:\Users\Asus\PycharmProjects\UNCERTAIN_EPC_RL_V3\revision_outputs\revision_v8_historical_eval_aligned_window_ablation\rng_snapshots\high_pre_decoupled_eval_rng.pkl,21.39566202666706,0.02536561954052711,554.9752197265625,4455438.0,528.8955078125,56221.87109375,6.353065516780434,1.848937454962282,False,19.718520893726144,3,691d58e2f851aa47ac296408da97f0998053ea407b63d0c765de01fa2e2f4a55,be7de516b96323cbcbb9766ddc8eb0f6a1e5ec02bf6a0b0cf4761dc48b6a4cd3,631cf9dc2fd297d503022cb939793429663b550dbd8ddc9e6fe1cacb53541501
high,3,81,f858_historical_rng_aligned,C:\Users\Asus\PycharmProjects\UNCERTAIN_EPC_RL_V3\revision_outputs\revision_v8_historical_eval_aligned_window_ablation\rng_snapshots\high_pre_decoupled_eval_rng.pkl,21.57454373477249,0.02596973784448038,534.9359130859375,4685983.5,512.3787231445312,59087.171875,6.762053610336312,1.9113266324317748,False,19.718520893726144,3,691d58e2f851aa47ac296408da97f0998053ea407b63d0c765de01fa2e2f4a55,be7de516b96323cbcbb9766ddc8eb0f6a1e5ec02bf6a0b0cf4761dc48b6a4cd3,631cf9dc2fd297d503022cb939793429663b550dbd8ddc9e6fe1cacb53541501
high,3,82,f858_historical_rng_aligned,C:\Users\Asus\PycharmProjects\UNCERTAIN_EPC_RL_V3\revision_outputs\revision_v8_historical_eval_aligned_window_ablation\rng_snapshots\high_pre_decoupled_eval_rng.pkl,20.163619254854503,0.027109593350322897,535.404541015625,4345884.0,507.3014221191406,54830.8515625,6.1438645173919895,1.8154539443965088,False,19.718520893726144,3,691d58e2f851aa47ac296408da97f0998053ea407b63d0c765de01fa2e2f4a55,be7de516b96323cbcbb9766ddc8eb0f6a1e5ec02bf6a0b0cf4761dc48b6a4cd3,631cf9dc2fd297d503022cb939793429663b550dbd8ddc9e6fe1cacb53541501
high,3,83,f858_historical_rng_aligned,C:\Users\Asus\PycharmProjects\UNCERTAIN_EPC_RL_V3\revision_outputs\revision_v8_historical_eval_aligned_window_ablation\rng_snapshots\high_pre_decoupled_eval_rng.pkl,20.460791951541157,0.022647880757411257,564.929931640625,4408813.0,533.9544677734375,55644.1171875,6.279404382185807,1.8372751323811825,False,19.718520893726144,3,691d58e2f851aa47ac296408da97f0998053ea407b63d0c765de01fa2e2f4a55,be7de516b96323cbcbb9766ddc8eb0f6a1e5ec02bf6a0b0cf4761dc48b6a4cd3,631cf9dc2fd297d503022cb939793429663b550dbd8ddc9e6fe1cacb53541501
high,3,84,f858_historical_rng_aligned,C:\Users\Asus\PycharmProjects\UNCERTAIN_EPC_RL_V3\revision_outputs\revision_v8_historical_eval_aligned_window_ablation\rng_snapshots\high_pre_decoupled_eval_rng.pkl,22.03474675660105,0.026730506748850785,562.5335693359375,4834038.0,538.317138671875,60963.79296875,7.081147552994902,1.9574359783278177,False,19.718520893726144,3,691d58e2f851aa47ac296408da97f0998053ea407b63d0c765de01fa2e2f4a55,be7de516b96323cbcbb9766ddc8eb0f6a1e5ec02bf6a0b0cf4761dc48b6a4cd3,631cf9dc2fd297d503022cb939793429663b550dbd8ddc9e6fe1cacb53541501
high,3,85,f858_historical_rng_aligned,C:\Users\Asus\PycharmProjects\UNCERTAIN_EPC_RL_V3\revision_outputs\revision_v8_historical_eval_aligned_window_ablation\rng_snapshots\high_pre_decoupled_eval_rng.pkl,20.285273708639583,0.023805723555951393,524.8816528320312,4323970.0,501.5096130371094,54551.1328125,6.097651952482542,1.8079037712537702,False,19.718520893726144,3,691d58e2f851aa47ac296408da97f0998053ea407b63d0c765de01fa2e2f4a55,be7de516b96323cbcbb9766ddc8eb0f6a1e5ec02bf6a0b0cf4761dc48b6a4cd3,631cf9dc2fd297d503022cb939793429663b550dbd8ddc9e6fe1cacb53541501
high,3,86,f858_historical_rng_aligned,C:\Users\Asus\PycharmProjects\UNCERTAIN_EPC_RL_V3\revision_outputs\revision_v8_historical_eval_aligned_window_ablation\rng_snapshots\high_pre_decoupled_eval_rng.pkl,21.41455649942363,0.028398464189839198,569.863525390625,4424971.0,539.4033813476562,55851.5390625,6.312401487882243,1.8425161885996646,False,19.718520893726144,3,691d58e2f851aa47ac296408da97f0998053ea407b63d0c765de01fa2e2f4a55,be7de516b96323cbcbb9766ddc8eb0f6a1e5ec02bf6a0b0cf4761dc48b6a4cd3,631cf9dc2fd297d503022cb939793429663b550dbd8ddc9e6fe1cacb53541501
high,3,87,f858_historical_rng_aligned,C:\Users\Asus\PycharmProjects\UNCERTAIN_EPC_RL_V3\revision_outputs\revision_v8_historical_eval_aligned_window_ablation\rng_snapshots\high_pre_decoupled_eval_rng.pkl,20.50528533361213,0.02883370165040138,557.2408447265625,4323745.0,527.7481689453125,54574.5625,6.126002284347507,1.8125423813043284,False,19.718520893726144,3,691d58e2f851aa47ac296408da97f0998053ea407b63d0c765de01fa2e2f4a55,be7de516b96323cbcbb9766ddc8eb0f6a1e5ec02bf6a0b0cf4761dc48b6a4cd3,631cf9dc2fd297d503022cb939793429663b550dbd8ddc9e6fe1cacb53541501
high,3,88,f858_historical_rng_aligned,C:\Users\Asus\PycharmProjects\UNCERTAIN_EPC_RL_V3\revision_outputs\revision_v8_historical_eval_aligned_window_ablation\rng_snapshots\high_pre_decoupled_eval_rng.pkl,20.517627522985876,0.024161844443007258,527.9863891601562,4413786.0,504.7607421875,55677.0859375,6.255190759724837,1.8334116406120928,False,19.718520893726144,3,691d58e2f851aa47ac296408da97f0998053ea407b63d0c765de01fa2e2f4a55,be7de516b96323cbcbb9766ddc8eb0f6a1e5ec02bf6a0b0cf4761dc48b6a4cd3,631cf9dc2fd297d503022cb939793429663b550dbd8ddc9e6fe1cacb53541501
high,3,89,f858_historical_rng_aligned,C:\Users\Asus\PycharmProjects\UNCERTAIN_EPC_RL_V3\revision_outputs\revision_v8_historical_eval_aligned_window_ablation\rng_snapshots\high_pre_decoupled_eval_rng.pkl,20.157166013950516,0.0231855743652288,560.6909790039062,4379944.5,529.5101318359375,55278.81640625,6.225231541020597,1.8286106370037158,False,19.718520893726144,3,691d58e2f851aa47ac296408da97f0998053ea407b63d0c765de01fa2e2f4a55,be7de516b96323cbcbb9766ddc8eb0f6a1e5ec02bf6a0b0cf4761dc48b6a4cd3,631cf9dc2fd297d503022cb939793429663b550dbd8ddc9e6fe1cacb53541501
high,3,90,f858_historical_rng_aligned,C:\Users\Asus\PycharmProjects\UNCERTAIN_EPC_RL_V3\revision_outputs\revision_v8_historical_eval_aligned_window_ablation\rng_snapshots\high_pre_decoupled_eval_rng.pkl,21.613914660416516,0.024702988877511975,548.0753173828125,4584743.0,521.4323120117188,57830.72265625,6.581799398591757,1.8843081727841082,False,19.718520893726144,3,691d58e2f851aa47ac296408da97f0998053ea407b63d0c765de01fa2e2f4a55,be7de516b96323cbcbb9766ddc8eb0f6a1e5ec02bf6a0b0cf4761dc48b6a4cd3,631cf9dc2fd297d503022cb939793429663b550dbd8ddc9e6fe1cacb53541501
high,3,91,f858_historical_rng_aligned,C:\Users\Asus\PycharmProjects\UNCERTAIN_EPC_RL_V3\revision_outputs\revision_v8_historical_eval_aligned_window_ablation\rng_snapshots\high_pre_decoupled_eval_rng.pkl,20.84110711877929,0.026434042202118906,563.6607666015625,4505469.5,536.575927734375,56854.94140625,6.450741076535363,1.8641950197945667,False,19.718520893726144,3,691d58e2f851aa47ac296408da97f0998053ea407b63d0c765de01fa2e2f4a55,be7de516b96323cbcbb9766ddc8eb0f6a1e5ec02bf6a0b0cf4761dc48b6a4cd3,631cf9dc2fd297d503022cb939793429663b550dbd8ddc9e6fe1cacb53541501
high,3,92,f858_historical_rng_aligned,C:\Users\Asus\PycharmProjects\UNCERTAIN_EPC_RL_V3\revision_outputs\revision_v8_historical_eval_aligned_window_ablation\rng_snapshots\high_pre_decoupled_eval_rng.pkl,19.872828189677474,0.027099880335774644,570.91650390625,4458173.0,536.3740844726562,56263.5390625,6.371551404223598,1.8518429884746759,False,19.718520893726144,3,691d58e2f851aa47ac296408da97f0998053ea407b63d0c765de01fa2e2f4a55,be7de516b96323cbcbb9766ddc8eb0f6a1e5ec02bf6a0b0cf4761dc48b6a4cd3,631cf9dc2fd297d503022cb939793429663b550dbd8ddc9e6fe1cacb53541501
high,3,93,f858_historical_rng_aligned,C:\Users\Asus\PycharmProjects\UNCERTAIN_EPC_RL_V3\revision_outputs\revision_v8_historical_eval_aligned_window_ablation\rng_snapshots\high_pre_decoupled_eval_rng.pkl,21.01738680206261,0.02632164291551038,519.9724731445312,4472243.5,497.97576904296875,56401.01953125,6.3514343480956725,1.8486806689870647,False,19.718520893726144,3,691d58e2f851aa47ac296408da97f0998053ea407b63d0c765de01fa2e2f4a55,be7de516b96323cbcbb9766ddc8eb0f6a1e5ec02bf6a0b0cf4761dc48b6a4cd3,631cf9dc2fd297d503022cb939793429663b550dbd8ddc9e6fe1cacb53541501
high,3,94,f858_historical_rng_aligned,C:\Users\Asus\PycharmProjects\UNCERTAIN_EPC_RL_V3\revision_outputs\revision_v8_historical_eval_aligned_window_ablation\rng_snapshots\high_pre_decoupled_eval_rng.pkl,21.660786848720942,0.02368751466259042,551.3035888671875,4713251.0,525.4146728515625,59441.05078125,6.829694205673408,1.9212799003510233,False,19.718520893726144,3,691d58e2f851aa47ac296408da97f0998053ea407b63d0c765de01fa2e2f4a55,be7de516b96323cbcbb9766ddc8eb0f6a1e5ec02bf6a0b0cf4761dc48b6a4cd3,631cf9dc2fd297d503022cb939793429663b550dbd8ddc9e6fe1cacb53541501
high,3,95,f858_historical_rng_aligned,C:\Users\Asus\PycharmProjects\UNCERTAIN_EPC_RL_V3\revision_outputs\revision_v8_historical_eval_aligned_window_ablation\rng_snapshots\high_pre_decoupled_eval_rng.pkl,20.37717478796774,0.02501654834613899,555.3680419921875,4463075.0,528.640625,56317.078125,6.36693147452519,1.8511176383768753,False,19.718520893726144,3,691d58e2f851aa47ac296408da97f0998053ea407b63d0c765de01fa2e2f4a55,be7de516b96323cbcbb9766ddc8eb0f6a1e5ec02bf6a0b0cf4761dc48b6a4cd3,631cf9dc2fd297d503022cb939793429663b550dbd8ddc9e6fe1cacb53541501
high,3,96,f858_historical_rng_aligned,C:\Users\Asus\PycharmProjects\UNCERTAIN_EPC_RL_V3\revision_outputs\revision_v8_historical_eval_aligned_window_ablation\rng_snapshots\high_pre_decoupled_eval_rng.pkl,20.852447651583887,0.025742717172133636,570.9111938476562,4427349.0,540.365966796875,55882.23046875,6.317550868195359,1.8433316121979908,False,19.718520893726144,3,691d58e2f851aa47ac296408da97f0998053ea407b63d0c765de01fa2e2f4a55,be7de516b96323cbcbb9766ddc8eb0f6a1e5ec02bf6a0b0cf4761dc48b6a4cd3,631cf9dc2fd297d503022cb939793429663b550dbd8ddc9e6fe1cacb53541501
high,3,97,f858_historical_rng_aligned,C:\Users\Asus\PycharmProjects\UNCERTAIN_EPC_RL_V3\revision_outputs\revision_v8_historical_eval_aligned_window_ablation\rng_snapshots\high_pre_decoupled_eval_rng.pkl,20.15624759847015,0.024321788764829953,602.7025146484375,4587003.0,564.6553955078125,57902.1953125,6.63578984454836,1.8924777028316013,False,19.718520893726144,3,691d58e2f851aa47ac296408da97f0998053ea407b63d0c765de01fa2e2f4a55,be7de516b96323cbcbb9766ddc8eb0f6a1e5ec02bf6a0b0cf4761dc48b6a4cd3,631cf9dc2fd297d503022cb939793429663b550dbd8ddc9e6fe1cacb53541501
high,3,98,f858_historical_rng_aligned,C:\Users\Asus\PycharmProjects\UNCERTAIN_EPC_RL_V3\revision_outputs\revision_v8_historical_eval_aligned_window_ablation\rng_snapshots\high_pre_decoupled_eval_rng.pkl,21.759892665870332,0.026085717788116327,567.3414916992188,4658553.0,542.2318725585938,58774.14453125,6.73931160604662,1.9079577841066282,False,19.718520893726144,3,691d58e2f851aa47ac296408da97f0998053ea407b63d0c765de01fa2e2f4a55,be7de516b96323cbcbb9766ddc8eb0f6a1e5ec02bf6a0b0cf4761dc48b6a4cd3,631cf9dc2fd297d503022cb939793429663b550dbd8ddc9e6fe1cacb53541501
high,3,99,f858_historical_rng_aligned,C:\Users\Asus\PycharmProjects\UNCERTAIN_EPC_RL_V3\revision_outputs\revision_v8_historical_eval_aligned_window_ablation\rng_snapshots\high_pre_decoupled_eval_rng.pkl,22.29073540471614,0.02748102141453765,560.2037963867188,4759060.0,535.5718994140625,60023.8203125,6.928292077096458,1.9356133293057174,False,19.718520893726144,3,691d58e2f851aa47ac296408da97f0998053ea407b63d0c765de01fa2e2f4a55,be7de516b96323cbcbb9766ddc8eb0f6a1e5ec02bf6a0b0cf4761dc48b6a4cd3,631cf9dc2fd297d503022cb939793429663b550dbd8ddc9e6fe1cacb53541501
