,,rmse_global_run,rmse_global_run,rmse_global_run,rmse_local_day2_run,rmse_local_day2_run,rmse_local_day2_run,C_I,C_I,C_I,N_test,N_test,N_test,N_iso,N_iso,N_iso,C_Q,C_Q,C_Q,score,score,score
,,mean,std,median,mean,std,median,mean,std,median,mean,std,median,mean,std,median,mean,std,median,mean,std,median
scenario,window,,,,,,,,,,,,,,,,,,,,,
high,3,20.837062127844415,0.7568082522718825,20.734333416255787,0.025974879892063332,0.001730827637498268,0.0258175245570604,552.499497680664,16.09893917659457,552.7001647949219,4497085.125,198355.96785045203,4467659.25,524.7581228637696,13.576699908909394,525.5521240234375,56738.3223828125,2482.345097810678,56359.048828125,6.437883435737195,0.36613554615541277,6.367490081899414
high,7,15.009478577175361,1.4610069379173771,14.63255856389116,0.024430659707840186,0.0016039671371973735,0.0244707483789375,590.2490655517578,32.205500291210946,590.3249206542969,3236432.1975,226230.86695628703,3179454.75,539.533837890625,24.22789192578332,539.0750732421875,40994.93640625,2834.6186719680613,40284.7734375,4.635851614676064,0.27733249779355773,4.555936274115
high,14,15.645644544714521,1.5486110575599887,15.394136531231572,0.024350268773237854,0.001739599989074717,0.0244014525538164,578.612509765625,27.705675899902925,574.9466857910156,3370948.815,211826.04213916115,3357100.5,532.8932119750976,20.928774207579778,530.913330078125,42669.7530859375,2649.6175937307685,42492.916015625,4.783564827089076,0.2670938357318422,4.760756551459197
high,21,16.343359921403856,2.1523895934556543,15.915218476648821,0.024636975669841438,0.0016583962197307914,0.024674164282234852,580.5092211914063,28.207471794707466,576.7100524902344,3409052.86,267510.0613573453,3380348.75,534.0263024902343,21.730629515760636,531.177978515625,43147.186875,3347.9116748281153,42773.513671875,4.8378609949924165,0.35368971441701297,4.788261974521513
low,3,26.258425591984928,3.8414872075315056,25.252392125013426,0.017305081814182464,0.001750586498074203,0.0170230626266223,568.594270324707,208.04503058622,482.8453826904297,3185510.5425,517167.0890382337,3110081.75,407.9204797363281,121.47007896571469,357.454345703125,40226.80236328125,6557.573451410178,39188.59375,4.606678861409196,0.8169015050217446,4.3735921900831105
low,7,28.30889509215056,2.804200976600209,27.865946592011245,0.015829676072207022,0.00166389008308019,0.0156256533100988,381.07727478027346,12.023698815501955,381.41070556640625,2941041.79,326542.03552039847,2906434.5,304.498525390625,7.1350745641342534,304.26629638671875,37067.52103515625,4084.36602142518,36646.494140625,4.1453561743704395,0.3588468448471207,4.090985758520793
low,14,27.23467879237933,2.848055081758906,26.82277651362522,0.01934966705428569,0.001894950211969289,0.0193633579863703,403.53586822509766,17.352613940363412,402.06748962402344,2694257.0575,287640.30372410617,2661833.375,315.1988409423828,10.20872273536583,314.90179443359375,33993.41208984375,3600.2616614141143,33594.6484375,3.913207073960832,0.2863835545698318,3.8631549974886563
low,21,28.330028563361303,2.680937029361534,27.883827287745568,0.015791218525404032,0.0017554193939709087,0.01549476612231545,376.6605352783203,10.615044468299564,376.76173400878906,2972836.3775,305937.42724271375,2962893.375,302.21221923828125,6.170935729344254,302.0346374511719,37462.66701171875,3826.629729842906,37340.359375,4.172181732387171,0.3254128781461792,4.148942816762549
