step,reward,seed,drd
0,-13.316261291503906,8270,无责任分发
2400,-10.921443939208984,8270,无责任分发
4800,-12.859145164489746,8270,无责任分发
7200,-10.509614944458008,8270,无责任分发
9600,-10.598817825317383,8270,无责任分发
12000,-10.277289390563965,8270,无责任分发
14400,-10.26830005645752,8270,无责任分发
16800,-10.247184753417969,8270,无责任分发
19200,-10.987107276916504,8270,无责任分发
21600,-10.314997673034668,8270,无责任分发
24000,-13.30170726776123,8270,无责任分发
26400,-9.180399894714355,8270,无责任分发
28800,-10.171038627624512,8270,无责任分发
31200,-11.557107925415039,8270,无责任分发
33600,-11.450551986694336,8270,无责任分发
36000,-11.165738105773926,8270,无责任分发
38400,-15.871298789978027,8270,无责任分发
40800,-27.787738800048828,8270,无责任分发
43200,-12.35349178314209,8270,无责任分发
45600,-11.701862335205078,8270,无责任分发
48000,-12.931736946105957,8270,无责任分发
0,-17.221694946289062,8270,有责任分发
2400,-9.468214988708496,8270,有责任分发
4800,-10.073163032531738,8270,有责任分发
7200,-9.693500518798828,8270,有责任分发
9600,-8.627106666564941,8270,有责任分发
12000,-9.215354919433594,8270,有责任分发
14400,-10.584249496459961,8270,有责任分发
16800,-7.713430881500244,8270,有责任分发
19200,-11.917720794677734,8270,有责任分发
21600,-9.356091499328613,8270,有责任分发
24000,-10.569353103637695,8270,有责任分发
26400,-9.82136344909668,8270,有责任分发
28800,-12.32823371887207,8270,有责任分发
31200,-9.188708305358887,8270,有责任分发
33600,-8.880533218383789,8270,有责任分发
36000,-9.53996467590332,8270,有责任分发
38400,-9.573877334594727,8270,有责任分发
40800,-8.779891014099121,8270,有责任分发
43200,-9.389963150024414,8270,有责任分发
45600,-8.68127727508545,8270,有责任分发
48000,-8.88439655303955,8270,有责任分发
0,-15.337201118469238,1860,无责任分发
2400,-12.047141075134277,1860,无责任分发
4800,-199.06260681152344,1860,无责任分发
7200,-293.8995056152344,1860,无责任分发
9600,-16.568931579589844,1860,无责任分发
12000,-16.16939353942871,1860,无责任分发
14400,-18.025754928588867,1860,无责任分发
16800,-18.8559627532959,1860,无责任分发
19200,-37.389137268066406,1860,无责任分发
21600,-12.467955589294434,1860,无责任分发
24000,-253.38198852539062,1860,无责任分发
26400,-15.13773250579834,1860,无责任分发
28800,-12.002646446228027,1860,无责任分发
31200,-9.98136043548584,1860,无责任分发
33600,-12.284454345703125,1860,无责任分发
36000,-51.808380126953125,1860,无责任分发
38400,-37.364803314208984,1860,无责任分发
40800,-12.722025871276855,1860,无责任分发
43200,-19.73679542541504,1860,无责任分发
45600,-11.023953437805176,1860,无责任分发
48000,-11.21794319152832,1860,无责任分发
0,-19.434019088745117,1860,有责任分发
2400,-11.077498435974121,1860,有责任分发
4800,-9.633978843688965,1860,有责任分发
7200,-8.813393592834473,1860,有责任分发
9600,-10.580734252929688,1860,有责任分发
12000,-9.229011535644531,1860,有责任分发
14400,-11.613652229309082,1860,有责任分发
16800,-8.804970741271973,1860,有责任分发
19200,-9.720142364501953,1860,有责任分发
21600,-11.103862762451172,1860,有责任分发
24000,-10.644814491271973,1860,有责任分发
26400,-9.946288108825684,1860,有责任分发
28800,-8.854501724243164,1860,有责任分发
31200,-10.088934898376465,1860,有责任分发
33600,-10.3246431350708,1860,有责任分发
36000,-8.44013500213623,1860,有责任分发
38400,-8.711664199829102,1860,有责任分发
40800,-8.939520835876465,1860,有责任分发
43200,-10.04510498046875,1860,有责任分发
45600,-8.636523246765137,1860,有责任分发
48000,-9.96818733215332,1860,有责任分发
0,-467565.59375,6390,无责任分发
2400,-6.468888759613037,6390,无责任分发
4800,-398477.0625,6390,无责任分发
7200,-66.76021575927734,6390,无责任分发
9600,-17.473840713500977,6390,无责任分发
12000,-11.727218627929688,6390,无责任分发
14400,-13.122836112976074,6390,无责任分发
16800,-12.608748435974121,6390,无责任分发
19200,-11.911142349243164,6390,无责任分发
21600,-14.751626968383789,6390,无责任分发
24000,-15.149176597595215,6390,无责任分发
26400,-13.377471923828125,6390,无责任分发
28800,-10.65017318725586,6390,无责任分发
31200,-10.994502067565918,6390,无责任分发
33600,-10.44528865814209,6390,无责任分发
36000,-15.4369535446167,6390,无责任分发
38400,-36.74443054199219,6390,无责任分发
40800,-10.93439769744873,6390,无责任分发
43200,-12.232413291931152,6390,无责任分发
45600,-11.052391052246094,6390,无责任分发
48000,-11.518282890319824,6390,无责任分发
0,-437036.46875,6390,有责任分发
2400,-10.134230613708496,6390,有责任分发
4800,-8.207672119140625,6390,有责任分发
7200,-9.904463768005371,6390,有责任分发
9600,-9.842329978942871,6390,有责任分发
12000,-8.110605239868164,6390,有责任分发
14400,-10.207030296325684,6390,有责任分发
16800,-8.667853355407715,6390,有责任分发
19200,-8.820149421691895,6390,有责任分发
21600,-9.92418098449707,6390,有责任分发
24000,-11.650053977966309,6390,有责任分发
26400,-9.265049934387207,6390,有责任分发
28800,-8.314581871032715,6390,有责任分发
31200,-10.587949752807617,6390,有责任分发
33600,-8.786763191223145,6390,有责任分发
36000,-7.626469612121582,6390,有责任分发
38400,-9.344100952148438,6390,有责任分发
40800,-10.017840385437012,6390,有责任分发
43200,-9.619684219360352,6390,有责任分发
45600,-10.163687705993652,6390,有责任分发
48000,-10.242059707641602,6390,有责任分发
0,-44.32210922241211,6191,无责任分发
2400,-15.773772239685059,6191,无责任分发
4800,-275.28106689453125,6191,无责任分发
7200,-158.0403594970703,6191,无责任分发
9600,-16.457128524780273,6191,无责任分发
12000,-10.448535919189453,6191,无责任分发
14400,-9.984016418457031,6191,无责任分发
16800,-9.765311241149902,6191,无责任分发
19200,-11.123006820678711,6191,无责任分发
21600,-13.832615852355957,6191,无责任分发
24000,-15.929519653320312,6191,无责任分发
26400,-27.69146156311035,6191,无责任分发
28800,-11.057299613952637,6191,无责任分发
31200,-10.892181396484375,6191,无责任分发
33600,-12.725824356079102,6191,无责任分发
36000,-10.78298568725586,6191,无责任分发
38400,-10.006834030151367,6191,无责任分发
40800,-9.711440086364746,6191,无责任分发
43200,-11.640449523925781,6191,无责任分发
45600,-12.92871379852295,6191,无责任分发
48000,-11.682696342468262,6191,无责任分发
0,-46.95802688598633,6191,有责任分发
2400,-9.79870319366455,6191,有责任分发
4800,-9.891694068908691,6191,有责任分发
7200,-9.41456127166748,6191,有责任分发
9600,-9.91649341583252,6191,有责任分发
12000,-10.620828628540039,6191,有责任分发
14400,-10.150232315063477,6191,有责任分发
16800,-8.309000015258789,6191,有责任分发
19200,-8.518542289733887,6191,有责任分发
21600,-9.617413520812988,6191,有责任分发
24000,-10.405038833618164,6191,有责任分发
26400,-9.063549041748047,6191,有责任分发
28800,-9.97177791595459,6191,有责任分发
31200,-9.273890495300293,6191,有责任分发
33600,-8.984030723571777,6191,有责任分发
36000,-11.59915828704834,6191,有责任分发
38400,-9.74314022064209,6191,有责任分发
40800,-9.03048038482666,6191,有责任分发
43200,-9.81974983215332,6191,有责任分发
45600,-9.394413948059082,6191,有责任分发
48000,-7.795573711395264,6191,有责任分发
0,-74.41031646728516,6734,无责任分发
2400,-9.051411628723145,6734,无责任分发
4800,-11.385470390319824,6734,无责任分发
7200,-10.51779842376709,6734,无责任分发
9600,-11.242289543151855,6734,无责任分发
12000,-12.450068473815918,6734,无责任分发
14400,-10.905664443969727,6734,无责任分发
16800,-12.583630561828613,6734,无责任分发
19200,-30.29571533203125,6734,无责任分发
21600,-11.309608459472656,6734,无责任分发
24000,-10.692912101745605,6734,无责任分发
26400,-10.506418228149414,6734,无责任分发
28800,-11.1756010055542,6734,无责任分发
31200,-13.457003593444824,6734,无责任分发
33600,-11.665998458862305,6734,无责任分发
36000,-10.66704273223877,6734,无责任分发
38400,-10.724078178405762,6734,无责任分发
40800,-12.32229995727539,6734,无责任分发
43200,-11.438108444213867,6734,无责任分发
45600,-12.283248901367188,6734,无责任分发
48000,-16.323490142822266,6734,无责任分发
0,-78.98150634765625,6734,有责任分发
2400,-10.26024341583252,6734,有责任分发
4800,-8.845277786254883,6734,有责任分发
7200,-10.005316734313965,6734,有责任分发
9600,-11.181279182434082,6734,有责任分发
12000,-9.86325740814209,6734,有责任分发
14400,-9.2719087600708,6734,有责任分发
16800,-9.315009117126465,6734,有责任分发
19200,-8.695205688476562,6734,有责任分发
21600,-8.432985305786133,6734,有责任分发
24000,-11.07038688659668,6734,有责任分发
26400,-9.458617210388184,6734,有责任分发
28800,-11.478606224060059,6734,有责任分发
31200,-10.451018333435059,6734,有责任分发
33600,-9.665202140808105,6734,有责任分发
36000,-8.326309204101562,6734,有责任分发
38400,-8.296765327453613,6734,有责任分发
40800,-8.992349624633789,6734,有责任分发
43200,-10.715240478515625,6734,有责任分发
45600,-9.112614631652832,6734,有责任分发
48000,-9.605302810668945,6734,有责任分发
0,-12.070352554321289,7265,无责任分发
2400,-8.37303638458252,7265,无责任分发
4800,-14.215860366821289,7265,无责任分发
7200,-14.156834602355957,7265,无责任分发
9600,-15.987797737121582,7265,无责任分发
12000,-17.036558151245117,7265,无责任分发
14400,-15.709640502929688,7265,无责任分发
16800,-13.438394546508789,7265,无责任分发
19200,-12.755030632019043,7265,无责任分发
21600,-11.413512229919434,7265,无责任分发
24000,-12.405781745910645,7265,无责任分发
26400,-12.850607872009277,7265,无责任分发
28800,-13.323382377624512,7265,无责任分发
31200,-9.68565845489502,7265,无责任分发
33600,-8.578893661499023,7265,无责任分发
36000,-11.051752090454102,7265,无责任分发
38400,-11.478243827819824,7265,无责任分发
40800,-13.476114273071289,7265,无责任分发
43200,-11.67689037322998,7265,无责任分发
45600,-11.674696922302246,7265,无责任分发
48000,-10.167326927185059,7265,无责任分发
0,-16.374296188354492,7265,有责任分发
2400,-12.360610961914062,7265,有责任分发
4800,-9.391322135925293,7265,有责任分发
7200,-9.480445861816406,7265,有责任分发
9600,-9.442893981933594,7265,有责任分发
12000,-8.26014232635498,7265,有责任分发
14400,-9.956297874450684,7265,有责任分发
16800,-8.923354148864746,7265,有责任分发
19200,-10.808966636657715,7265,有责任分发
21600,-8.827957153320312,7265,有责任分发
24000,-8.973893165588379,7265,有责任分发
26400,-9.893681526184082,7265,有责任分发
28800,-9.867718696594238,7265,有责任分发
31200,-9.009475708007812,7265,有责任分发
33600,-9.504524230957031,7265,有责任分发
36000,-9.240229606628418,7265,有责任分发
38400,-8.817278861999512,7265,有责任分发
40800,-9.350760459899902,7265,有责任分发
43200,-8.837099075317383,7265,有责任分发
45600,-9.513077735900879,7265,有责任分发
48000,-8.075441360473633,7265,有责任分发
0,-10.636301040649414,1466,无责任分发
2400,-7.395636081695557,1466,无责任分发
4800,-11.112425804138184,1466,无责任分发
7200,-9.755452156066895,1466,无责任分发
9600,-10.90990161895752,1466,无责任分发
12000,-10.151638984680176,1466,无责任分发
14400,-10.442436218261719,1466,无责任分发
16800,-11.782401084899902,1466,无责任分发
19200,-11.82049560546875,1466,无责任分发
21600,-11.469948768615723,1466,无责任分发
24000,-11.19101619720459,1466,无责任分发
26400,-12.808603286743164,1466,无责任分发
28800,-11.978442192077637,1466,无责任分发
31200,-12.056380271911621,1466,无责任分发
33600,-11.120414733886719,1466,无责任分发
36000,-12.752534866333008,1466,无责任分发
38400,-10.220125198364258,1466,无责任分发
40800,-11.186807632446289,1466,无责任分发
43200,-12.679903984069824,1466,无责任分发
45600,-12.464157104492188,1466,无责任分发
48000,-12.513885498046875,1466,无责任分发
0,-13.917207717895508,1466,有责任分发
2400,-9.330410957336426,1466,有责任分发
4800,-9.158183097839355,1466,有责任分发
7200,-9.358489036560059,1466,有责任分发
9600,-11.352882385253906,1466,有责任分发
12000,-12.156410217285156,1466,有责任分发
14400,-8.518190383911133,1466,有责任分发
16800,-7.689400672912598,1466,有责任分发
19200,-8.650899887084961,1466,有责任分发
21600,-8.959394454956055,1466,有责任分发
24000,-9.78076171875,1466,有责任分发
26400,-8.242731094360352,1466,有责任分发
28800,-8.918123245239258,1466,有责任分发
31200,-8.723036766052246,1466,有责任分发
33600,-8.819331169128418,1466,有责任分发
36000,-10.514800071716309,1466,有责任分发
38400,-9.074246406555176,1466,有责任分发
40800,-9.787942886352539,1466,有责任分发
43200,-9.034589767456055,1466,有责任分发
45600,-9.11197280883789,1466,有责任分发
48000,-8.689678192138672,1466,有责任分发
0,-68.2896728515625,5426,无责任分发
2400,-8.586990356445312,5426,无责任分发
4800,-13.171771049499512,5426,无责任分发
7200,-52.017982482910156,5426,无责任分发
9600,-35.248043060302734,5426,无责任分发
12000,-9.580808639526367,5426,无责任分发
14400,-8.805707931518555,5426,无责任分发
16800,-9.399998664855957,5426,无责任分发
19200,-10.855591773986816,5426,无责任分发
21600,-9.787370681762695,5426,无责任分发
24000,-10.485358238220215,5426,无责任分发
26400,-11.244433403015137,5426,无责任分发
28800,-11.77021312713623,5426,无责任分发
31200,-13.421175003051758,5426,无责任分发
33600,-12.628143310546875,5426,无责任分发
36000,-12.240367889404297,5426,无责任分发
38400,-12.461385726928711,5426,无责任分发
40800,-12.012444496154785,5426,无责任分发
43200,-9.191492080688477,5426,无责任分发
45600,-11.240595817565918,5426,无责任分发
48000,-11.591635704040527,5426,无责任分发
0,-71.58126068115234,5426,有责任分发
2400,-11.715632438659668,5426,有责任分发
4800,-9.975790977478027,5426,有责任分发
7200,-9.698686599731445,5426,有责任分发
9600,-9.123501777648926,5426,有责任分发
12000,-8.992169380187988,5426,有责任分发
14400,-9.245343208312988,5426,有责任分发
16800,-8.474688529968262,5426,有责任分发
19200,-8.053884506225586,5426,有责任分发
21600,-7.674354076385498,5426,有责任分发
24000,-8.357657432556152,5426,有责任分发
26400,-8.917097091674805,5426,有责任分发
28800,-9.58923053741455,5426,有责任分发
31200,-8.400378227233887,5426,有责任分发
33600,-8.833662986755371,5426,有责任分发
36000,-9.214648246765137,5426,有责任分发
38400,-9.559731483459473,5426,有责任分发
40800,-9.789117813110352,5426,有责任分发
43200,-9.095294952392578,5426,有责任分发
45600,-8.379786491394043,5426,有责任分发
48000,-8.467280387878418,5426,有责任分发
0,-25.825464248657227,6578,无责任分发
2400,-10.74112319946289,6578,无责任分发
4800,-69.54510498046875,6578,无责任分发
7200,-465604.90625,6578,无责任分发
9600,-9969.482421875,6578,无责任分发
12000,-11.681727409362793,6578,无责任分发
14400,-30.340789794921875,6578,无责任分发
16800,-77.3834457397461,6578,无责任分发
19200,-32.12545394897461,6578,无责任分发
21600,-8.811988830566406,6578,无责任分发
24000,-17.512542724609375,6578,无责任分发
26400,-10.392653465270996,6578,无责任分发
28800,-11.286148071289062,6578,无责任分发
31200,-11.68983268737793,6578,无责任分发
33600,-12.20829963684082,6578,无责任分发
36000,-10.384016990661621,6578,无责任分发
38400,-13.312646865844727,6578,无责任分发
40800,-11.723101615905762,6578,无责任分发
43200,-12.694510459899902,6578,无责任分发
45600,-14.228759765625,6578,无责任分发
48000,-13.558557510375977,6578,无责任分发
0,-29.874998092651367,6578,有责任分发
2400,-9.817719459533691,6578,有责任分发
4800,-9.072853088378906,6578,有责任分发
7200,-8.728297233581543,6578,有责任分发
9600,-8.037775993347168,6578,有责任分发
12000,-8.277948379516602,6578,有责任分发
14400,-9.064974784851074,6578,有责任分发
16800,-9.329208374023438,6578,有责任分发
19200,-8.0086088180542,6578,有责任分发
21600,-9.154352188110352,6578,有责任分发
24000,-8.132675170898438,6578,有责任分发
26400,-8.59698486328125,6578,有责任分发
28800,-8.639947891235352,6578,有责任分发
31200,-8.134535789489746,6578,有责任分发
33600,-8.822397232055664,6578,有责任分发
36000,-9.338383674621582,6578,有责任分发
38400,-9.711320877075195,6578,有责任分发
40800,-8.845902442932129,6578,有责任分发
43200,-9.298018455505371,6578,有责任分发
45600,-8.90198802947998,6578,有责任分发
48000,-8.798884391784668,6578,有责任分发
0,-8.825446128845215,9322,无责任分发
2400,-8.279189109802246,9322,无责任分发
4800,-9.251583099365234,9322,无责任分发
7200,-8.090089797973633,9322,无责任分发
9600,-11.87726879119873,9322,无责任分发
12000,-10.978466033935547,9322,无责任分发
14400,-10.3968505859375,9322,无责任分发
16800,-10.950446128845215,9322,无责任分发
19200,-8.938305854797363,9322,无责任分发
21600,-13.279894828796387,9322,无责任分发
24000,-10.070345878601074,9322,无责任分发
26400,-11.380141258239746,9322,无责任分发
28800,-10.875601768493652,9322,无责任分发
31200,-9.51126480102539,9322,无责任分发
33600,-11.291583061218262,9322,无责任分发
36000,-13.364877700805664,9322,无责任分发
38400,-18.276700973510742,9322,无责任分发
40800,-29.272985458374023,9322,无责任分发
43200,-16.322738647460938,9322,无责任分发
45600,-16.399810791015625,9322,无责任分发
48000,-18.253253936767578,9322,无责任分发
0,-12.891324043273926,9322,有责任分发
2400,-10.261527061462402,9322,有责任分发
4800,-10.214888572692871,9322,有责任分发
7200,-10.726736068725586,9322,有责任分发
9600,-9.688309669494629,9322,有责任分发
12000,-9.291460990905762,9322,有责任分发
14400,-9.73442268371582,9322,有责任分发
16800,-9.829771995544434,9322,有责任分发
19200,-8.574856758117676,9322,有责任分发
21600,-9.539137840270996,9322,有责任分发
24000,-8.943177223205566,9322,有责任分发
26400,-8.527273178100586,9322,有责任分发
28800,-9.05212116241455,9322,有责任分发
31200,-8.766837120056152,9322,有责任分发
33600,-9.82507610321045,9322,有责任分发
36000,-8.787869453430176,9322,有责任分发
38400,-9.295866966247559,9322,有责任分发
40800,-10.654251098632812,9322,有责任分发
43200,-8.95825481414795,9322,有责任分发
45600,-8.5681791305542,9322,有责任分发
48000,-10.02745532989502,9322,有责任分发
